user_id,product_id,rating,timestamp
1474,2665,4,2024-05-22 15:45:06.572059
1910,2837,3,2024-06-16 01:00:02.963968
1696,2490,4,2024-05-02 23:49:37.038917
1834,2836,4,2023-11-17 20:19:27.749305
1459,2068,3,2024-02-20 16:29:18.610816
1329,2202,3,2024-05-02 21:25:30.764100
1518,2015,2,2023-09-12 20:40:07.329175
1543,2982,5,2023-11-23 19:31:08.994347
1774,2289,5,2024-01-01 08:03:47.984444
1533,2892,4,2024-04-09 01:06:48.494766
1862,2661,4,2023-10-22 05:12:01.238291
1567,2698,4,2023-12-11 21:40:18.833899
1534,2509,4,2024-05-29 08:38:13.911350
1060,2104,3,2024-06-18 02:22:07.805380
1303,2671,3,2024-05-05 20:16:04.768837
1744,2077,2,2023-10-29 06:04:14.035937
1534,2184,1,2024-04-15 16:42:35.034696
1550,2281,5,2024-02-08 14:26:25.156757
1698,2474,2,2024-08-19 20:25:17.806613
1267,2781,1,2024-02-23 15:21:32.554026
1946,2357,1,2024-07-26 18:38:58.303871
1807,2027,4,2023-10-30 12:01:18.568193
1160,2937,1,2023-11-14 02:22:56.816107
1948,2210,4,2024-04-15 07:58:53.694718
1841,2302,3,2024-01-09 09:11:54.324065
1865,2731,5,2023-12-23 15:52:28.903548
1683,2257,4,2023-10-12 13:31:40.407318
1057,2009,5,2024-01-23 23:59:47.368535
1847,2114,1,2024-02-02 10:58:56.968861
1685,2732,5,2024-01-27 13:12:13.524675
1024,2493,3,2024-07-12 14:18:11.468876
1970,2682,4,2024-04-07 01:36:49.363164
1086,2767,5,2023-09-19 07:27:42.484454
1372,2679,4,2023-09-20 03:03:26.214468
1970,2202,2,2024-04-02 17:38:48.294259
1089,2437,4,2024-04-22 06:22:47.142494
1973,2399,4,2023-12-04 06:29:59.176629
1188,2774,4,2023-10-14 05:39:15.106986
1652,2531,3,2024-02-27 15:12:44.960031
1230,2481,2,2023-12-16 08:26:07.242740
1055,2271,4,2024-07-18 20:39:06.918175
1069,2911,3,2023-09-29 22:05:32.871019
1970,2529,2,2024-04-24 10:58:55.639404
1628,2152,2,2024-04-18 00:36:19.907927
1116,2542,3,2023-11-05 06:00:25.745188
1563,2572,5,2024-08-26 15:35:35.171513
1771,2360,5,2023-11-12 20:57:47.932293
1028,2766,4,2024-04-05 22:01:19.409134
1462,2231,3,2023-09-16 21:26:05.386837
1968,2869,4,2024-03-21 19:04:26.488189
1271,2851,4,2024-06-20 04:47:20.908948
1519,2744,2,2024-08-15 18:49:45.637815
1088,2390,2,2024-07-09 21:14:50.015645
1755,2580,3,2024-03-10 05:17:55.488718
1433,2374,3,2023-12-02 17:28:45.739827
1187,2751,2,2023-11-24 22:25:49.616842
1390,2218,4,2024-08-22 06:34:28.516598
1819,2550,3,2024-07-04 19:53:06.195203
1948,2349,4,2023-12-17 23:10:37.959700
1522,2026,3,2024-06-10 08:50:50.619383
1370,2014,4,2024-01-29 06:52:18.049662
1187,2524,4,2024-02-16 06:27:16.271462
1891,2279,5,2023-11-26 04:45:54.514179
1328,2679,2,2023-11-29 11:18:43.218557
1905,2984,1,2024-07-08 17:28:20.494564
1529,2426,5,2024-06-03 03:51:19.620606
1956,2323,5,2023-11-19 21:37:08.557713
1313,2584,2,2023-11-16 14:47:09.430479
1295,2656,2,2024-06-27 04:15:07.553134
1223,2075,4,2023-09-22 05:55:30.633313
1629,2686,5,2024-09-02 06:12:43.738929
1173,2004,4,2023-12-06 17:55:02.712503
1479,2660,3,2024-02-23 10:51:37.394230
1626,2833,4,2023-12-11 10:24:09.297632
1914,2167,4,2024-04-11 15:17:43.525085
1993,2118,4,2024-05-05 03:13:06.958688
1786,2175,3,2023-10-13 01:16:17.696718
1935,2038,1,2024-02-29 23:48:38.120430
1250,2013,5,2024-07-26 00:34:16.686156
1621,2555,4,2024-09-01 15:03:22.585093
1071,2956,4,2024-02-03 22:34:34.206528
1571,2973,4,2023-11-28 05:57:21.799686
1272,2902,3,2024-01-29 19:20:09.840046
1112,2379,2,2024-02-13 08:10:25.794230
1415,2740,5,2024-04-16 20:34:59.623225
1169,2888,3,2023-10-08 10:05:41.857522
1246,2266,1,2024-04-02 04:14:06.143848
1243,2670,4,2023-09-30 18:30:48.927417
1951,2327,2,2024-08-16 19:11:45.016641
1595,2847,4,2024-03-01 17:47:15.158591
1342,2765,2,2024-01-19 03:25:49.693103
1249,2760,4,2024-04-20 05:02:23.892642
1798,2532,5,2024-05-13 17:42:16.657968
1042,2345,5,2024-06-30 18:01:29.270623
1306,2809,1,2024-05-27 21:35:30.846153
1731,2441,2,2024-07-03 12:41:00.761348
1933,2903,5,2023-09-13 16:42:00.194720
1719,2051,2,2024-03-14 00:24:03.624161
1392,2696,1,2024-01-28 20:54:54.655220
1523,2766,4,2024-09-02 18:26:47.816265
1662,2354,3,2024-05-13 21:49:43.388130
1973,2395,4,2023-10-30 00:52:32.661525
1096,2106,3,2024-08-02 14:44:43.683124
1655,2678,1,2023-09-26 18:11:55.419202
1558,2242,3,2023-11-16 06:02:26.892334
1488,2790,3,2023-11-12 18:42:57.251174
1654,2898,5,2024-03-09 17:49:21.330316
1416,2294,1,2024-01-13 14:50:55.710949
1302,2170,1,2024-02-29 16:49:35.519907
1231,2409,2,2023-10-14 11:32:22.666461
1651,2622,5,2024-05-28 03:38:12.662127
1297,2455,1,2024-02-16 20:39:51.938470
1942,2635,2,2023-12-15 20:21:48.733212
1981,2454,1,2024-01-04 03:45:11.318114
1449,2226,3,2024-09-03 03:08:55.080261
1206,2676,3,2024-03-12 01:40:02.664222
1457,2695,1,2024-09-01 06:02:52.127402
1949,2107,4,2023-12-23 08:53:28.313372
1701,2036,5,2024-01-21 10:34:18.119501
1155,2169,4,2024-02-15 19:44:15.951393
1272,2547,4,2024-08-06 11:22:15.150828
1184,2611,5,2023-12-16 20:59:55.077148
1915,2509,1,2024-07-10 17:41:11.706115
1981,2122,1,2024-08-15 05:05:04.959682
1535,2375,3,2024-03-18 13:21:55.561916
1995,2592,2,2024-02-17 21:36:33.262405
1827,2153,1,2023-11-10 23:54:55.814013
1551,2845,4,2024-06-06 20:55:33.018813
1459,2202,1,2024-03-09 04:06:13.528483
1465,2953,4,2024-08-23 17:37:24.058909
1804,2355,2,2024-04-01 16:37:05.071217
1124,2080,5,2024-08-13 19:12:47.308827
1988,2233,2,2024-05-01 06:26:50.161286
1907,2692,1,2024-02-19 10:33:00.555333
1031,2597,5,2023-11-19 17:44:02.148513
1503,2371,3,2023-10-01 16:01:46.695448
1332,2243,1,2023-11-17 15:04:47.324147
1473,2376,1,2024-03-01 11:47:02.202596
1550,2868,4,2023-11-10 11:23:25.593494
1467,2428,1,2024-02-29 08:28:52.703506
1322,2977,2,2023-10-24 02:44:45.224004
1227,2829,4,2024-08-03 16:35:53.029424
1804,2054,1,2024-03-10 11:58:33.730790
1961,2978,4,2024-02-19 23:57:45.224999
1439,2310,3,2024-09-06 21:27:11.997865
1089,2320,4,2024-04-03 14:01:23.039038
1501,2662,2,2024-02-25 22:19:07.142829
1921,2337,3,2023-10-22 19:46:30.122834
1185,2438,4,2024-05-31 14:59:06.376046
1180,2076,5,2023-11-04 19:30:36.733426
1893,2272,1,2024-01-17 10:15:15.658002
1055,2701,5,2023-11-25 03:35:15.946609
1296,2219,5,2023-12-24 12:12:12.752825
1578,2648,2,2024-07-12 16:42:37.206232
1711,2266,1,2024-06-11 15:28:17.928222
1900,2043,1,2024-07-08 04:10:24.760549
1228,2227,3,2024-04-04 10:59:54.166152
1963,2762,2,2024-05-10 22:36:45.658241
1762,2307,3,2023-11-28 07:31:14.443301
1920,2992,2,2024-09-10 05:58:31.284421
1827,2642,2,2023-09-13 05:52:19.435832
1394,2151,4,2024-06-17 19:42:33.200381
1384,2747,1,2023-11-16 16:31:48.440364
1594,2014,1,2024-08-12 21:49:41.257895
1207,2204,3,2023-12-10 15:27:50.217123
1784,2544,2,2024-03-11 16:01:35.264010
1610,2144,2,2023-10-16 04:21:50.053323
1104,2382,1,2024-01-09 18:38:31.681386
1324,2171,4,2023-12-24 13:38:53.401451
1583,2274,4,2024-09-04 03:50:57.964224
1881,2125,5,2023-10-26 07:03:01.026875
1843,2107,4,2024-01-26 04:13:45.956725
1907,2463,1,2024-08-16 02:23:57.110457
1738,2754,4,2023-10-20 11:29:25.501878
1362,2796,3,2024-01-07 21:45:58.802119
1520,2859,1,2023-09-22 06:48:50.042739
1152,2322,1,2024-02-26 20:00:01.974015
1893,2270,1,2024-05-27 05:17:36.920916
1996,2100,1,2024-03-05 00:00:05.512125
1131,2389,1,2024-04-28 05:43:52.743639
1438,2019,1,2023-12-19 02:29:15.786142
1618,2566,4,2024-05-09 01:37:56.191862
1394,2226,5,2024-01-10 01:23:03.398712
1015,2560,3,2023-09-27 18:03:33.188475
1546,2932,3,2024-04-26 01:12:28.454478
1457,2722,3,2024-02-24 05:29:25.038170
1999,2196,3,2024-08-22 18:32:57.240563
1417,2352,3,2024-09-10 21:53:55.802256
1662,2036,2,2024-08-07 23:11:06.203610
1663,2063,2,2024-06-28 20:18:39.581011
1509,2188,5,2023-10-28 23:17:48.359814
1005,2438,1,2024-07-23 01:00:07.568976
1508,2098,4,2024-06-30 11:58:18.024614
1662,2393,4,2023-12-24 02:00:49.987241
1596,2285,4,2024-06-29 06:04:18.252537
1733,2109,3,2024-06-09 09:40:44.997998
1758,2055,1,2024-03-29 13:56:49.442297
1133,2052,5,2024-04-18 17:14:59.720523
1765,2781,2,2023-10-15 12:59:12.815567
1399,2591,2,2023-12-13 22:24:44.888372
1818,2770,3,2023-12-08 10:11:30.370248
1909,2964,1,2024-06-19 07:02:02.344198
1203,2946,2,2024-02-04 10:31:11.610760
1780,2013,1,2023-09-19 05:30:37.901059
1315,2685,3,2023-11-26 18:56:15.054705
1243,2507,3,2024-01-31 15:13:48.502279
1330,2791,5,2024-02-05 17:00:56.724132
1791,2744,5,2024-05-05 02:37:34.760856
1162,2656,5,2024-08-25 08:01:58.015676
1435,2233,5,2023-11-07 00:48:51.832696
1273,2598,1,2023-12-29 18:41:43.152971
1560,2466,4,2024-06-30 07:57:39.501074
1077,2690,2,2024-06-06 12:20:08.871779
1769,2117,2,2024-08-13 09:06:22.555170
1019,2994,3,2024-08-06 19:37:28.831280
1196,2619,3,2024-04-19 03:57:44.564430
1425,2394,4,2024-01-20 21:00:09.886783
1034,2295,3,2023-10-16 20:11:50.153860
1638,2339,2,2024-01-23 22:44:43.093880
1440,2180,4,2023-11-23 17:43:49.604599
1633,2619,3,2024-02-21 10:20:53.690837
1023,2657,2,2024-01-31 11:36:23.724840
1619,2146,4,2023-12-18 19:07:58.660154
1302,2070,5,2024-04-18 00:08:59.541864
1649,2886,3,2023-10-14 16:34:27.862538
1081,2828,4,2024-02-13 01:33:33.027740
1063,2612,4,2024-01-24 05:34:32.254822
1048,2445,2,2023-11-18 19:15:26.807418
1826,2704,5,2024-04-29 02:09:04.694673
1487,2266,4,2023-10-15 16:27:43.489035
1914,2937,2,2024-03-17 05:32:05.905762
1209,2587,1,2024-09-01 05:10:25.952847
1849,2868,4,2024-05-15 19:13:04.509877
1558,2316,1,2024-05-05 06:30:22.281769
1941,2444,4,2024-05-29 09:15:51.538822
1752,2865,3,2024-08-16 15:42:57.156677
1947,2648,2,2024-03-22 07:42:20.085296
1198,2699,4,2024-05-05 03:07:45.805864
1445,2570,5,2023-10-12 09:46:07.336083
1741,2908,1,2024-02-29 18:00:13.792825
1617,2305,3,2023-10-10 15:48:26.153205
1529,2054,4,2024-06-30 11:51:19.243973
1928,2419,1,2023-12-30 10:52:55.633866
1438,2656,5,2024-09-05 04:50:50.130944
1524,2252,2,2024-05-18 16:14:19.260441
1904,2405,4,2023-12-30 11:01:01.546452
1848,2266,4,2023-12-11 13:20:38.018110
1655,2644,2,2024-02-14 23:06:04.704451
1511,2207,4,2024-04-06 09:21:15.546363
1992,2574,3,2024-03-30 23:35:27.600619
1511,2998,4,2024-08-11 18:33:22.449552
1553,2201,3,2024-03-17 06:10:31.398263
1823,2284,5,2024-03-16 05:57:22.229168
1047,2137,2,2024-02-09 14:08:09.311291
1195,2629,4,2024-02-28 10:46:27.249709
1432,2069,2,2024-05-31 19:46:17.487658
1540,2335,5,2024-07-04 14:44:01.295997
1016,2990,1,2024-01-19 13:33:47.766842
1158,2337,3,2024-04-12 14:39:16.149336
1961,2241,2,2024-06-18 11:28:48.292073
1984,2816,1,2023-09-17 16:18:51.874035
1345,2642,1,2024-06-08 04:53:38.227971
1014,2359,1,2024-02-27 19:11:33.630320
1243,2993,1,2024-06-24 21:08:47.962257
1891,2415,2,2024-07-15 14:27:07.765861
1838,2615,1,2023-09-28 06:26:02.364166
1358,2933,2,2024-02-10 18:28:05.639552
1018,2728,1,2024-05-26 00:07:13.102697
1568,2347,2,2024-01-04 09:41:07.267638
1155,2567,5,2024-06-02 04:56:49.808240
1531,2487,4,2024-06-14 08:29:33.582821
1047,2207,3,2024-02-23 01:50:32.274492
1450,2483,3,2024-07-02 18:59:11.429111
1852,2924,1,2024-01-14 09:45:43.916168
1570,2143,1,2024-08-12 01:39:20.694018
1047,2191,4,2024-07-03 14:01:30.782749
1615,2231,3,2023-11-27 19:52:53.856144
1340,2925,3,2023-10-10 07:22:09.597938
1049,2899,5,2024-09-04 11:18:55.232322
1316,2322,2,2023-12-15 10:49:24.340250
1282,2839,4,2024-05-14 16:38:47.535546
1074,2453,4,2024-02-17 04:17:03.015069
1096,2938,1,2023-09-18 06:44:50.839902
1212,2660,3,2024-02-02 23:36:08.020760
1392,2354,1,2023-09-16 14:19:54.746914
1599,2550,5,2024-05-08 06:18:03.140793
1540,2589,5,2024-02-26 19:23:07.853941
1509,2712,3,2024-02-06 16:38:33.602931
1431,2685,2,2024-05-08 23:05:49.684493
1562,2857,1,2024-06-09 13:35:45.735048
1406,2301,5,2024-06-02 20:52:19.561880
1739,2127,5,2023-12-31 07:58:44.091843
1021,2711,5,2024-07-04 17:25:51.991528
1844,2420,3,2024-04-23 23:56:38.667379
1480,2443,2,2024-05-20 23:53:12.619980
1075,2878,2,2024-08-28 12:22:30.530041
1640,2359,5,2024-05-15 07:29:29.706456
1400,2139,3,2024-07-01 14:59:40.247996
1112,2715,2,2023-10-13 17:53:43.681369
1599,2631,2,2023-10-31 02:05:00.161610
1240,2337,2,2023-11-20 10:13:55.969471
1594,2236,3,2024-07-05 18:17:18.798688
1794,2003,3,2024-05-22 22:57:37.017511
1116,2472,3,2023-11-19 11:36:28.669390
1934,2898,3,2023-09-21 12:45:48.241194
1401,2201,4,2024-03-05 11:03:53.268644
1342,2991,2,2023-11-03 18:05:37.466822
1216,2636,1,2023-12-09 01:05:39.486051
1366,2890,3,2024-07-15 07:15:47.661539
1642,2469,2,2024-07-21 04:23:20.000298
1027,2677,4,2024-03-26 10:47:31.871849
1014,2098,4,2023-10-13 04:22:56.340358
1490,2985,1,2024-06-18 20:53:52.010577
1883,2759,1,2023-11-04 20:29:29.198654
1573,2597,2,2024-02-12 19:47:56.315904
1583,2740,5,2023-10-24 06:33:25.223539
1306,3000,4,2024-08-06 08:03:47.530412
1463,2783,1,2024-06-07 13:41:07.714008
1802,2236,3,2024-02-21 08:48:04.986706
1039,2998,3,2024-03-06 21:30:39.991252
1645,2030,4,2023-09-18 21:45:33.629996
1767,2143,3,2024-02-22 22:03:31.525022
1074,2055,2,2023-12-09 08:32:24.771535
1748,2572,4,2023-12-28 10:07:41.870234
1022,2428,3,2024-07-10 16:28:23.737968
1947,2981,3,2024-02-01 19:32:52.279564
1512,2070,2,2024-01-11 16:09:23.080514
1088,2877,3,2023-10-19 05:37:50.650966
1764,2219,1,2024-07-17 07:49:26.306550
1589,2767,3,2024-02-16 10:39:23.429059
1651,2078,2,2024-02-10 13:30:35.390724
1468,2336,4,2024-03-10 18:55:20.362552
1186,2546,1,2024-04-10 02:06:45.849663
1592,2718,5,2024-06-04 18:09:57.699750
1668,2274,2,2024-09-10 14:55:56.343956
1358,2647,5,2023-09-25 06:11:27.479637
1098,2241,5,2024-02-04 17:12:32.990655
1711,2993,3,2024-03-17 05:39:35.976409
1948,2114,5,2024-06-02 09:30:03.543596
1241,2156,4,2024-08-18 08:09:19.149117
1592,2312,2,2024-08-07 07:21:39.208340
1663,2944,4,2024-07-24 15:10:48.259674
1754,2143,3,2023-12-05 10:32:14.667395
1562,2262,1,2023-10-03 21:49:46.631199
1062,2567,4,2023-09-18 16:25:43.358741
1884,2996,2,2024-04-09 06:19:13.408303
1949,2802,1,2024-03-31 19:24:48.596682
1266,2308,3,2023-12-18 13:36:21.105317
1185,2334,3,2024-05-05 12:33:05.966613
1441,2673,4,2024-08-01 11:42:00.009160
1935,2560,2,2023-10-24 10:46:53.074249
1335,2400,4,2024-04-26 04:07:00.048301
1004,2888,4,2024-05-04 17:57:50.759480
1923,2470,1,2024-02-22 11:37:11.079424
1493,2738,4,2024-02-18 01:35:40.071153
1070,2694,1,2023-11-09 15:55:01.661381
1776,2370,5,2024-06-02 23:28:54.963307
1181,2996,5,2024-03-01 02:57:21.591869
1197,2047,2,2024-02-18 18:04:48.337916
1552,2634,4,2024-03-15 03:31:18.507686
1862,2665,4,2024-04-13 08:58:55.772735
1427,2589,1,2024-05-18 22:01:31.346396
1854,2310,2,2024-08-13 09:25:11.885995
1539,2840,3,2024-07-19 10:52:40.985236
1733,2634,1,2024-05-29 22:58:16.158129
1069,2583,3,2024-02-29 20:10:43.318914
1431,2885,4,2024-07-30 07:23:34.618029
1032,2979,5,2024-06-01 19:18:27.451539
1865,2513,1,2024-02-01 07:36:26.939421
1248,2620,2,2024-02-10 23:48:39.999416
1297,2776,4,2024-08-20 12:00:49.955027
1873,2948,1,2024-05-07 01:22:01.168352
1482,2317,1,2024-01-21 07:37:14.842422
1397,2089,2,2024-03-02 05:59:35.493019
1168,2743,5,2024-08-31 08:44:53.982113
1120,2428,1,2023-11-09 21:59:08.954166
1190,2633,4,2023-11-26 10:02:51.797560
1560,2202,3,2024-05-21 00:11:45.206656
1697,2223,4,2023-10-13 05:14:39.957708
1011,2793,5,2024-03-06 02:36:09.830347
1512,2814,4,2023-11-14 00:44:06.605498
1749,2034,3,2023-11-07 19:55:07.610296
1340,2647,1,2024-03-09 12:05:20.301231
1574,2825,3,2024-06-27 13:11:01.376113
1093,2628,4,2024-08-21 04:17:53.149745
1133,2844,5,2024-03-10 01:34:56.961334
1419,2468,5,2023-12-06 11:11:47.533797
1444,2705,1,2024-04-02 02:44:58.427564
1298,2061,2,2024-09-10 16:59:27.606560
1973,2304,4,2024-01-20 18:44:43.858061
1861,2448,1,2023-12-15 23:53:14.473734
1836,2302,1,2024-05-15 23:29:38.714871
1540,2485,5,2023-11-14 13:12:53.659948
1633,2515,5,2024-07-21 15:32:30.079671
1944,2659,4,2024-03-13 15:04:55.723705
1851,2785,2,2024-07-02 10:03:30.083417
1466,2889,2,2024-01-13 02:12:31.489306
1329,2285,3,2023-10-23 08:44:03.902907
1554,2797,2,2023-12-03 12:49:09.562512
1636,2657,1,2024-04-03 23:54:05.213860
1632,2109,4,2024-03-07 09:04:06.304367
1368,2820,4,2024-09-08 15:55:00.340619
1862,2739,3,2024-06-24 09:49:39.107659
1212,2400,2,2024-06-18 17:51:14.096066
1526,2730,4,2024-06-19 00:10:26.232139
1170,2819,3,2024-04-02 04:25:52.246289
1210,2256,3,2024-08-04 02:36:46.005398
1073,2147,4,2024-07-19 10:28:40.628775
1317,2618,2,2024-07-26 20:18:48.772886
1255,2351,3,2024-04-19 10:45:48.731260
1835,2312,5,2023-10-19 18:35:27.323971
1669,2134,4,2023-09-30 03:41:40.069920
1129,2436,2,2024-08-22 08:27:45.855702
1883,2252,3,2024-06-29 13:26:03.209313
1523,2804,4,2024-08-28 08:02:25.681251
1319,2080,5,2024-06-13 18:33:20.636322
1344,2030,1,2024-09-01 17:20:25.629322
1368,2741,1,2024-06-23 05:29:03.288750
1596,2502,1,2024-04-21 09:48:13.646588
1701,2021,5,2024-07-21 06:07:29.890942
1246,2283,3,2023-10-18 22:39:27.830775
1806,2232,4,2024-04-04 04:12:32.717378
1838,2800,4,2024-03-15 00:37:37.904360
1976,2411,5,2023-11-11 17:59:40.935534
1387,2689,5,2023-10-24 20:35:12.774306
1358,2614,3,2023-11-25 18:04:23.981224
1287,2276,3,2024-01-21 19:44:33.633411
1898,2552,3,2024-06-03 18:14:30.883640
1072,2365,3,2024-05-27 09:17:49.245643
1335,2652,1,2024-06-16 00:54:23.563152
1218,2741,4,2024-03-11 18:28:58.225155
1650,2147,2,2024-07-25 16:14:13.715227
1670,2414,1,2023-11-07 02:13:34.694277
1856,2330,2,2024-01-22 14:08:14.568186
1870,2352,3,2024-07-06 22:16:25.565232
1819,2101,3,2023-10-26 15:45:01.877200
1010,2353,3,2023-11-24 11:25:44.854482
1183,2455,5,2024-08-30 21:18:33.313034
1944,2333,2,2024-06-18 16:29:55.373685
1211,2051,5,2023-09-14 03:27:07.340653
1659,2377,2,2024-07-12 15:28:50.122533
1051,2154,4,2024-03-02 17:43:33.740406
1791,2310,4,2023-12-25 11:21:40.967470
1163,2971,1,2023-11-13 06:56:48.267485
1502,2946,1,2023-12-17 21:32:09.984589
1115,2499,5,2024-05-29 22:58:34.520192
1241,2123,4,2024-02-10 07:34:22.055565
1839,2069,2,2024-04-28 15:13:49.592978
1063,2733,2,2023-12-10 09:16:26.247424
1948,2258,1,2024-06-12 20:07:56.058265
1479,2114,2,2024-03-23 04:29:38.871500
1973,2380,2,2024-06-25 06:15:04.319736
1977,2237,4,2023-11-01 03:19:55.724135
1972,2931,1,2024-02-15 08:39:54.414593
1510,2165,5,2024-08-12 00:51:01.605045
1257,2132,2,2024-08-04 17:55:53.242021
1257,2141,1,2024-08-24 09:18:45.671390
1716,2519,3,2024-03-18 06:12:01.333361
1503,2259,2,2024-05-17 21:41:47.348249
1922,2543,4,2024-08-21 10:18:27.122287
1318,2666,3,2024-02-20 09:14:43.858999
1364,2055,4,2024-06-19 00:40:23.960203
1044,2593,2,2024-05-30 20:14:30.889764
1648,2014,5,2024-03-18 16:39:41.309609
1483,2618,3,2023-10-07 03:38:20.208467
1959,2591,2,2024-01-13 07:11:43.274402
1997,2363,5,2024-02-05 10:28:55.412643
1107,2017,1,2024-06-19 20:08:24.553861
1784,2499,5,2024-02-17 06:40:49.310102
1759,2726,4,2024-02-02 08:59:04.742715
1043,2946,2,2023-09-25 06:51:42.161608
1842,2593,5,2024-08-13 16:17:09.170618
1030,2441,2,2023-11-05 20:55:00.569211
1611,2962,3,2024-04-08 14:08:16.774161
1295,2549,4,2024-09-02 20:16:46.402646
1899,2089,2,2024-09-03 16:33:51.807193
1503,2767,2,2024-06-29 14:10:10.193079
1214,2422,2,2024-07-27 14:52:35.090656
1224,2555,5,2024-08-31 23:49:16.040745
1387,2681,2,2024-02-11 21:14:11.584412
1608,2203,2,2024-07-31 06:16:00.563123
1447,2833,4,2024-05-24 16:40:02.470478
1068,2092,2,2024-07-26 19:00:16.998523
1843,2178,5,2024-06-01 06:39:00.801563
1559,2003,1,2024-01-04 07:29:02.758404
1534,2116,3,2024-01-15 10:30:27.969428
1912,2464,3,2024-07-09 19:01:17.874949
1308,2367,1,2024-08-05 12:43:07.668700
1810,2642,3,2024-04-21 16:20:10.217033
1508,2527,5,2023-11-04 09:03:44.421229
1953,2298,1,2024-02-06 06:31:52.138340
1361,2646,1,2024-05-03 21:47:55.603146
1588,2030,4,2024-07-31 22:01:05.103766
1126,2596,3,2024-04-26 18:41:38.610539
1852,2443,2,2024-04-24 12:35:23.542560
1910,2394,2,2024-02-20 05:26:00.737780
1146,2530,4,2024-01-15 20:05:27.453030
1965,2948,5,2024-07-04 06:01:23.998602
1340,2919,2,2024-05-05 16:33:18.574746
1209,2958,5,2024-06-20 22:40:48.652542
1625,2690,5,2024-07-29 12:07:10.476187
1721,2636,2,2023-10-12 12:29:35.845921
1428,2476,2,2024-03-26 00:43:11.845092
1557,2094,3,2024-02-01 04:17:48.148599
1419,2278,2,2024-05-31 07:14:28.406405
1459,2038,1,2024-07-29 02:29:07.532565
1198,2704,5,2024-03-19 20:01:10.004736
1007,2556,4,2024-03-27 06:08:39.352258
1519,2194,4,2023-11-28 19:15:08.686123
1001,2062,1,2024-03-16 14:53:50.815655
1018,2620,3,2024-01-03 18:50:11.982614
1822,2579,5,2024-01-14 04:16:45.172908
1650,2701,3,2024-04-30 21:58:24.650059
1699,2235,5,2023-09-20 07:00:58.736207
1447,2610,1,2024-08-01 22:01:57.318074
1056,2993,3,2024-03-26 22:37:36.867292
1114,2088,2,2023-12-15 05:19:22.722125
1108,2500,5,2024-07-11 16:49:35.425672
1656,2056,4,2023-12-31 17:59:25.284751
1863,2006,5,2024-02-13 03:23:45.236519
1385,2307,2,2024-03-14 06:49:21.755855
1857,2639,1,2024-06-05 02:07:19.180125
1405,2611,5,2024-07-15 02:49:31.469500
1831,2753,2,2023-12-15 14:40:10.969613
1780,2837,1,2024-03-15 02:19:28.863003
1812,2564,1,2023-10-26 23:01:19.740011
1227,2193,2,2024-06-14 01:31:47.390764
1302,2359,4,2024-08-20 13:17:38.570029
1954,2805,4,2024-02-22 15:13:36.442436
1752,2099,1,2024-04-07 19:32:14.014680
1013,2390,2,2023-09-13 15:24:22.828681
1357,2640,3,2024-01-13 13:07:36.667063
1081,2261,2,2023-12-06 23:16:46.015758
1373,2481,5,2024-06-10 02:50:35.580927
1810,2081,3,2024-04-11 03:49:07.737215
1515,2060,5,2024-05-29 18:07:55.528671
1962,2349,1,2024-08-19 03:57:09.146375
1228,2290,5,2024-05-11 19:30:01.151972
1810,2193,4,2024-07-16 04:21:15.076538
1474,2257,3,2023-12-06 03:28:25.804689
1506,2388,2,2023-12-30 00:26:11.211995
1290,2769,5,2024-05-12 07:47:18.287434
1278,2464,5,2024-07-05 10:29:45.156433
1918,2178,4,2024-04-07 22:26:02.099700
1988,2375,1,2023-11-01 20:39:48.437814
1042,2194,5,2024-01-27 16:14:02.572243
1465,2163,4,2024-06-07 02:33:46.646048
1364,2642,1,2023-10-20 04:06:03.181794
1979,2460,1,2024-03-18 08:47:58.900457
1539,2974,2,2023-11-21 01:36:00.578398
1085,2708,4,2024-06-22 02:17:06.348484
1243,2469,1,2024-02-24 16:04:32.822012
1130,2657,3,2023-11-04 06:21:27.329668
1360,2088,4,2024-02-14 05:13:19.237128
1742,2972,1,2024-02-09 05:39:51.235762
1638,2471,2,2023-10-15 10:20:10.083118
1507,2354,3,2024-02-13 22:09:43.446233
1600,2682,1,2023-10-29 05:48:38.892426
1701,2190,3,2023-11-29 04:27:19.670805
1601,2348,4,2023-10-10 06:04:24.337356
1538,2176,4,2024-05-15 22:34:12.144958
1776,2901,3,2024-02-05 20:08:57.426244
1554,2483,3,2024-04-02 21:29:24.841017
1119,2169,4,2024-06-22 04:41:51.071354
1998,2147,5,2024-07-26 05:34:45.602530
1439,2888,5,2024-04-12 03:34:25.055298
1160,2814,4,2024-05-01 04:46:21.463682
1932,2402,2,2024-09-09 16:53:24.022043
1864,2018,4,2024-05-20 09:28:19.756777
1115,2328,1,2024-08-22 22:04:11.582143
1558,2439,2,2024-06-04 23:45:43.948256
1521,2253,4,2024-02-11 00:20:53.591261
1901,2098,3,2023-11-10 05:08:51.427885
1071,2551,2,2024-03-14 11:18:16.830732
1913,2447,2,2024-03-06 19:02:07.270085
1430,2219,3,2024-02-25 21:54:27.002089
1476,2916,3,2024-08-30 07:14:29.158349
1544,2126,3,2024-03-17 04:10:03.874818
1280,2024,1,2024-03-23 00:01:51.207442
1120,2786,4,2024-05-22 09:16:13.703293
1297,2855,2,2024-02-25 01:55:04.186865
1448,2912,4,2023-09-23 15:32:07.784874
1919,2470,1,2023-11-08 00:31:33.948409
1024,2061,5,2024-04-02 22:00:02.707651
1084,2225,2,2024-08-13 09:05:05.117767
1375,2072,2,2023-10-25 02:46:54.169413
1897,2341,1,2024-07-19 00:55:12.745958
1096,2565,5,2023-10-22 00:53:14.168635
1686,2110,2,2024-01-24 17:24:31.738279
1828,2051,1,2023-12-26 12:11:18.326553
1765,2073,4,2024-03-20 16:14:56.519862
1432,2724,3,2023-10-24 17:48:24.944138
1168,2775,3,2024-01-01 02:36:09.859398
1981,2742,3,2024-01-26 12:07:52.809783
1494,2143,5,2023-12-28 02:40:35.114437
1824,2394,5,2023-09-21 22:57:12.587813
1715,2697,3,2023-11-02 22:03:56.673401
1328,2604,3,2024-06-24 00:14:38.005085
1834,2437,4,2024-02-12 18:43:38.303688
1349,2693,3,2024-08-18 21:39:07.097806
1449,2399,4,2024-01-01 04:42:03.642432
1214,2546,2,2023-12-24 06:38:41.097392
1289,2841,3,2023-11-17 14:31:01.748807
1258,2388,1,2024-06-07 21:23:30.646974
1265,2313,4,2023-09-12 11:59:24.578765
1210,2272,4,2024-03-29 17:17:15.013884
1510,2676,3,2023-10-06 09:57:41.309012
1015,2614,1,2023-09-28 01:22:58.100708
1722,2535,3,2024-03-05 11:35:02.658233
1131,2670,5,2024-01-02 20:28:45.436435
1017,2882,2,2024-02-23 23:06:45.390218
1826,2992,1,2024-01-13 02:59:04.044559
1391,2423,2,2024-01-27 13:04:39.170160
1696,2655,4,2024-07-12 12:22:58.549467
1012,2520,1,2024-07-12 05:34:34.027204
1674,2302,5,2023-10-30 05:53:02.719021
1272,2133,5,2023-11-01 07:57:36.209531
1756,2542,5,2024-05-01 04:45:53.493698
1690,2773,3,2024-06-15 22:24:01.208419
1141,2483,1,2024-05-12 10:24:13.899152
1345,2562,4,2023-11-05 03:39:09.290613
1558,2474,2,2024-06-03 13:59:22.018107
1638,2084,2,2023-10-14 08:37:14.270062
1071,2175,4,2024-04-26 22:17:40.526775
1842,2463,1,2024-04-26 11:56:33.404486
1395,2866,3,2024-01-31 04:07:01.504579
1469,2863,2,2024-08-05 13:02:00.426483
1249,2644,1,2024-01-13 13:16:51.672039
1955,2572,1,2023-09-28 11:21:05.629436
1849,2241,4,2024-05-13 14:39:24.246106
1793,2744,1,2024-02-20 13:46:54.920382
1275,2825,1,2023-12-22 01:06:37.784898
1965,2208,4,2023-10-14 01:44:19.406824
1365,2240,3,2023-11-11 05:26:46.940094
1160,2397,2,2023-09-20 19:08:01.112112
1500,2209,5,2024-04-28 21:05:35.047116
1381,2433,1,2024-06-19 13:19:29.150850
1731,2389,5,2024-01-02 12:59:42.316739
1583,2432,2,2024-05-04 09:01:18.623656
1351,2134,2,2024-05-03 22:06:15.088867
1639,2205,2,2023-10-12 20:07:45.175537
1117,2948,3,2024-08-25 14:28:59.709823
1794,2149,2,2024-03-27 15:17:47.872715
1680,2824,3,2024-06-14 10:46:46.729925
1148,2465,1,2024-08-26 09:06:21.381427
1005,2526,3,2024-03-20 07:16:31.589269
1836,2436,4,2024-06-11 20:55:23.758767
1969,2515,1,2024-03-13 07:43:04.951686
1978,2612,3,2023-09-18 13:18:42.141349
1280,2132,1,2024-05-09 03:48:25.773573
1481,2513,4,2024-03-23 23:51:32.826117
1419,2202,4,2024-08-28 05:40:14.538716
1658,2462,2,2023-12-21 03:57:44.904451
1202,2914,1,2023-11-25 21:44:38.989997
1222,2079,2,2024-07-10 18:34:30.681325
1099,2978,1,2024-07-14 03:27:21.206039
1912,2213,5,2024-04-10 09:55:38.149357
1813,2374,4,2023-10-12 15:42:37.841352
1967,2624,3,2024-03-24 14:37:27.952935
1985,2470,5,2024-01-06 18:31:46.551964
1785,2745,4,2024-04-13 19:48:06.767882
1397,2986,1,2024-03-09 05:50:29.988486
1261,2743,1,2024-08-17 19:36:04.526319
1388,2476,2,2024-01-13 21:41:04.259065
1580,2016,5,2023-11-16 15:59:48.482719
1662,2804,2,2023-09-20 12:35:03.511652
1951,2931,1,2024-03-22 13:10:01.352696
1072,2593,5,2024-01-29 06:19:24.750887
1018,2754,2,2023-10-14 23:36:39.580235
1332,2889,1,2024-09-03 14:16:36.724750
1097,2727,4,2024-03-27 14:48:50.504463
1011,2909,3,2023-12-24 23:01:54.037370
1283,2729,3,2023-11-17 10:56:20.080623
1241,2857,5,2024-06-18 08:28:53.313643
1970,2593,3,2023-11-07 01:37:37.424922
1918,2614,3,2024-08-24 12:09:15.934344
1042,2788,2,2024-05-16 14:13:36.420871
1384,2589,2,2023-10-03 06:07:50.171537
1966,2714,5,2024-08-27 18:41:00.339876
1733,2774,3,2023-11-17 00:19:22.155439
1624,2409,4,2024-05-29 06:19:44.462391
1094,2823,4,2023-12-29 14:07:00.321720
1058,2293,5,2023-10-17 19:16:30.154753
1838,2605,1,2023-11-02 18:28:54.981387
1165,2437,2,2024-08-02 21:37:38.036348
1403,2940,2,2023-12-14 22:41:49.294506
1954,2138,4,2024-08-20 15:20:58.071105
1814,2722,3,2024-08-05 06:31:16.474875
1806,2293,3,2023-09-30 16:27:29.090757
1880,2462,5,2023-12-08 06:11:03.602125
1373,2162,2,2024-04-16 18:54:22.156876
1044,2865,3,2023-12-07 02:43:52.763632
1892,2636,3,2024-03-15 12:09:32.254352
1816,2862,3,2024-03-13 23:20:33.279025
1341,2711,1,2024-08-23 11:32:34.985457
1640,2230,2,2023-12-19 02:13:00.399502
1801,2673,2,2024-01-06 00:10:04.172224
1281,2910,4,2024-03-31 18:14:01.071715
1876,2702,2,2023-10-05 15:29:52.512903
1266,2803,3,2023-09-22 07:05:37.826685
1360,2791,1,2024-04-30 03:10:40.397212
1321,2850,1,2024-08-10 11:17:22.270628
1992,2693,4,2023-09-18 12:57:00.809265
1785,2953,3,2024-04-01 02:35:51.803938
1717,2985,4,2024-04-12 19:57:22.065654
1896,2153,2,2023-10-18 19:30:50.856378
1429,2753,5,2024-06-16 09:47:29.696404
1321,2436,4,2024-05-06 17:02:45.050066
1149,2542,3,2023-10-27 14:26:06.707342
1899,2482,3,2024-04-06 06:48:42.564701
1029,2259,2,2024-02-21 15:04:49.302761
1929,2075,5,2024-07-16 19:58:31.777876
1581,2498,2,2024-03-12 12:22:37.299835
1751,2340,4,2024-06-23 16:15:32.576146
1704,2884,1,2023-11-02 17:39:43.796002
1253,2936,4,2024-03-27 03:04:19.660292
1397,2986,1,2023-11-12 04:00:19.787648
1714,2029,4,2023-12-10 06:44:01.266033
1502,2154,3,2024-08-24 16:04:50.171971
1177,2693,4,2024-08-27 20:41:19.714634
1186,2761,4,2024-04-01 12:02:17.937252
1266,2902,5,2023-09-27 00:02:46.629575
1031,2859,3,2024-07-04 13:08:48.261867
1104,2431,5,2024-08-27 18:36:19.729884
1513,2941,2,2024-04-25 10:52:35.148138
1207,2647,1,2024-05-07 06:15:50.692475
1195,2414,2,2023-11-11 20:56:04.299402
1462,2116,4,2023-10-03 17:11:12.564792
1036,2067,5,2024-08-13 10:04:42.297363
1281,2479,3,2023-12-20 13:24:53.710403
1968,2730,2,2023-12-12 08:56:21.593275
1668,2240,1,2024-05-17 02:24:15.965638
1060,2650,2,2024-09-10 16:49:16.853541
1679,2165,5,2024-07-15 10:19:19.791308
1487,2981,4,2023-11-28 10:39:31.062370
1806,2888,1,2024-07-14 18:56:34.175576
1509,2075,5,2023-12-23 11:36:51.074951
1428,2385,5,2023-11-09 16:38:36.727666
1175,2673,3,2024-03-24 19:24:19.609786
1474,2911,1,2023-10-07 06:44:32.266427
1270,2407,4,2023-10-14 12:07:40.844885
1694,2376,4,2024-05-23 19:58:14.342378
1212,2896,4,2024-07-11 01:39:14.536917
1134,2865,4,2024-06-02 13:31:46.896541
1690,2678,3,2024-09-10 13:08:03.597679
1849,2841,4,2024-07-28 12:29:32.824861
1438,2839,4,2023-11-27 17:58:08.348831
1401,2488,4,2024-03-14 02:50:24.345895
1432,2428,4,2024-06-30 16:20:31.911173
1828,2572,5,2024-07-30 14:02:21.524780
1965,2462,5,2024-08-22 00:55:50.374703
1145,2827,1,2024-04-30 17:27:13.235646
1735,2406,5,2024-09-03 12:59:56.833729
1969,2955,4,2024-05-27 05:42:34.091009
1482,2237,5,2023-12-20 10:52:28.555528
1339,2268,4,2024-05-10 15:04:06.326351
1266,2528,4,2024-01-07 05:06:38.387126
1248,2019,4,2023-11-27 15:59:07.605226
1926,2615,3,2024-08-27 00:00:23.810185
1941,2725,5,2024-01-09 16:53:03.531741
1393,2573,3,2024-08-10 13:46:17.338479
1874,2303,4,2023-10-30 13:54:53.026063
1917,2401,1,2024-08-13 13:59:50.320351
1931,2818,5,2024-04-21 02:11:07.762985
1013,2025,3,2023-09-13 07:13:04.089384
1129,2817,2,2023-09-15 05:40:14.761324
1547,2595,5,2023-11-14 02:52:55.389051
1436,2182,4,2024-04-01 17:38:03.956416
1616,2744,3,2024-05-23 02:58:14.252966
1404,2929,5,2024-03-08 07:57:34.112517
1656,2766,5,2024-02-02 04:49:09.462177
1292,2214,3,2023-10-11 09:02:15.840134
1025,2323,4,2024-07-27 22:49:35.792343
1109,2693,3,2024-05-06 14:33:09.095072
1482,2715,2,2024-03-26 11:22:39.649222
1175,2347,2,2024-08-02 17:46:50.058180
1002,2646,2,2024-07-05 19:03:47.663795
1362,2721,2,2024-02-21 08:01:10.814678
1590,2202,5,2023-10-26 19:32:18.253847
1289,2062,4,2024-08-31 18:22:03.975900
1126,2992,1,2024-01-27 04:55:57.230652
1600,2846,5,2024-04-18 08:39:13.511328
1179,2581,5,2024-01-30 23:52:25.299309
1433,2993,4,2024-07-14 05:27:27.248334
1302,2964,1,2024-07-04 06:21:43.055213
1990,2169,1,2024-09-05 01:25:19.914234
1963,2269,4,2023-10-27 07:21:25.342126
1624,2100,2,2024-01-25 01:15:04.788964
1215,2995,1,2023-11-21 05:25:06.546691
1097,2819,4,2023-09-15 03:47:00.272932
1337,2359,2,2024-06-09 03:55:58.069210
1396,2901,3,2024-06-14 17:50:36.225339
1124,2552,5,2024-05-17 07:16:59.023347
1538,2654,3,2024-05-27 18:21:52.026743
1422,2336,1,2023-11-20 16:27:08.412622
1662,2879,5,2024-07-05 21:01:43.466287
1076,2466,5,2024-04-27 02:22:50.004439
1722,2386,2,2024-07-03 00:04:27.777689
1259,2477,3,2023-12-01 12:14:03.971745
1972,2672,4,2024-09-03 17:11:45.327338
1393,2600,1,2024-08-30 00:47:45.479522
1184,2016,1,2023-09-25 04:15:08.012422
1756,2506,2,2024-03-09 17:48:19.723852
1477,2164,1,2024-05-25 21:13:12.402504
1238,2022,4,2024-04-20 01:59:37.910482
1818,2559,2,2023-09-14 08:15:14.938690
1499,2475,5,2024-09-05 05:31:29.622509
1716,2339,3,2024-05-01 22:05:04.597150
1692,2162,5,2023-10-22 06:14:15.282990
1061,2085,3,2023-12-22 00:52:08.542968
1490,2005,4,2024-03-12 11:26:29.096262
1253,2007,1,2023-11-13 00:04:05.724422
1642,2473,2,2023-11-21 12:15:01.847463
1358,2812,3,2024-06-07 13:58:49.465701
1163,2318,2,2024-05-14 05:50:11.269847
1253,2201,4,2024-04-18 23:13:10.542157
1741,2675,5,2023-11-14 20:21:02.255352
1232,2328,1,2024-04-13 13:24:59.495655
1619,2250,4,2024-06-10 04:43:51.862046
1198,2416,4,2023-10-28 06:44:08.595091
1395,2938,1,2024-08-17 17:05:58.771389
1220,2216,3,2024-07-20 04:37:48.662525
1668,2216,2,2024-07-29 12:22:07.025604
1161,2815,2,2024-06-03 23:03:34.095866
1511,2918,5,2023-12-20 22:24:00.404670
1162,2042,4,2024-07-17 08:09:14.339467
1303,2330,3,2023-09-20 04:20:58.000811
1764,2429,3,2024-08-30 22:50:06.863672
1674,2661,3,2024-05-16 06:33:52.461579
1653,2182,1,2024-04-23 03:53:08.168782
1890,2789,1,2024-05-17 08:23:15.220279
1954,2837,5,2024-07-30 06:45:59.658169
1598,2583,5,2023-09-12 10:50:37.309050
1493,2180,5,2024-02-14 17:41:23.778858
1518,2148,4,2024-05-14 13:56:17.236437
1680,2009,2,2024-05-06 03:42:51.588018
1796,2395,4,2024-07-19 14:26:13.654566
1608,2331,1,2024-01-07 17:02:27.519358
1547,2721,1,2024-07-16 03:00:08.504294
1881,2355,3,2024-02-07 08:17:00.219542
1489,2799,1,2023-10-26 04:39:18.214638
1503,2050,1,2024-03-19 00:57:31.980526
1381,2954,2,2024-03-10 17:47:45.463619
1648,2362,5,2024-03-18 15:51:24.872137
1666,2162,3,2023-09-27 14:42:28.264201
1974,2840,3,2024-06-01 03:45:02.939814
1129,2176,1,2023-09-28 21:23:15.981118
1792,2943,4,2024-08-12 04:06:22.845768
1376,2222,5,2024-03-24 04:41:15.720984
1451,2416,1,2024-01-05 05:48:29.193304
1445,2618,5,2024-02-01 20:38:52.372218
1523,2166,4,2024-01-11 23:39:28.051993
1743,2659,1,2024-07-29 04:26:19.721975
1983,2913,5,2024-07-02 17:34:25.813566
1731,2257,2,2024-09-07 10:07:44.964597
1210,2484,5,2023-12-03 03:30:28.334814
1225,2996,2,2024-05-20 14:07:39.646818
1196,2400,4,2024-08-26 13:20:19.368252
1057,2969,1,2024-08-11 15:52:01.125989
1213,2279,4,2023-11-22 15:28:54.759954
1380,2117,2,2024-01-09 23:36:39.844245
1451,2599,2,2023-10-04 16:35:00.450102
1893,2367,4,2024-04-27 02:53:24.801201
1812,2929,1,2023-09-21 22:01:58.084315
1960,2164,4,2024-02-16 12:04:03.775388
1630,2023,1,2023-09-20 12:17:29.188682
1745,2602,4,2024-06-28 21:57:14.642898
1767,2092,5,2024-08-18 06:13:31.860437
1970,2155,3,2024-07-14 17:23:40.924684
1627,2207,1,2023-12-11 00:11:44.836594
1615,2483,5,2024-03-02 16:57:54.379625
1592,2407,1,2024-08-26 22:20:27.350767
1033,2035,1,2024-07-11 19:21:20.358861
2000,2050,2,2024-07-07 19:57:05.785865
1152,2659,5,2024-03-19 13:03:13.190488
1537,2756,3,2023-12-07 04:56:42.361671
1230,2665,3,2023-10-08 08:49:33.008187
1288,2395,5,2024-04-17 20:51:12.813062
1620,2033,3,2024-02-18 21:45:04.098519
1363,2111,1,2023-10-16 16:20:01.582872
1016,2739,3,2024-02-21 19:14:05.148224
1715,2714,2,2023-10-27 07:54:17.876731
1116,2965,1,2024-09-01 16:09:51.414561
1349,2232,5,2024-08-11 13:24:18.612363
1111,2352,2,2024-01-27 13:51:43.580650
1012,2984,5,2024-08-01 19:58:02.491779
1639,2285,3,2024-05-21 23:33:59.192108
1633,2636,1,2024-06-23 14:11:45.769312
1392,2170,5,2023-10-04 09:12:13.115808
1965,2297,2,2024-06-30 19:14:22.861796
1063,2270,3,2023-10-01 17:58:21.648548
1686,2510,3,2024-04-21 19:17:43.018915
1093,2053,4,2024-02-16 11:06:13.993984
1094,2625,5,2023-10-18 22:18:11.116530
1250,2391,1,2023-10-02 02:44:54.011626
1980,2182,3,2023-09-30 19:18:25.813071
1281,2955,2,2024-07-18 03:58:59.956055
1667,2083,2,2024-02-05 10:45:51.375677
1861,2997,3,2024-04-24 04:49:40.499099
1567,2531,4,2024-02-08 21:22:51.743512
1423,2981,2,2024-07-23 12:25:54.410062
1982,2454,3,2024-06-25 08:31:19.639806
1507,2142,4,2024-04-26 15:36:45.654568
1676,2764,1,2024-02-24 08:12:04.012060
1898,2953,3,2024-02-28 06:51:08.800307
1572,2916,4,2024-02-15 02:22:44.843922
1952,2733,2,2024-04-25 06:19:30.461569
1472,2065,2,2023-10-18 17:29:05.824040
1670,2076,3,2024-05-06 11:31:40.604865
1384,2997,2,2024-05-15 13:23:52.983804
1360,2875,4,2023-09-21 05:22:19.044903
1079,2596,4,2024-03-18 15:28:15.705485
1212,2886,5,2024-04-13 10:20:15.907168
1149,2010,4,2023-10-21 04:28:00.443096
1744,2381,3,2023-09-16 05:25:32.547109
1093,2520,5,2024-05-29 06:19:05.670376
1759,2394,5,2024-04-15 06:48:27.710863
1331,2708,1,2024-07-14 19:46:40.529467
1954,2163,2,2024-08-07 01:11:50.078128
1040,2766,4,2023-10-27 18:01:53.918622
1085,2784,5,2024-03-15 14:35:05.051481
1816,2767,3,2024-01-19 12:58:51.746722
1484,2385,1,2024-03-05 13:32:15.718924
1253,2790,4,2024-04-25 11:56:12.528125
1724,2707,1,2023-11-18 15:28:00.864711
1019,2040,2,2023-11-01 00:30:46.235318
1516,2033,3,2023-09-27 20:01:15.227862
1677,2450,3,2023-10-28 08:55:32.752321
1685,2849,1,2024-04-12 05:29:20.757800
1946,2885,4,2024-03-17 03:38:38.502256
1607,2319,1,2024-05-06 18:23:47.006681
1646,2124,4,2024-01-20 09:36:06.542955
1351,2323,3,2024-04-11 21:58:56.394731
1353,2116,3,2024-03-27 09:14:34.076457
1013,2917,5,2023-11-03 22:13:04.689312
1720,2085,4,2024-03-01 05:26:22.339920
1653,2644,1,2024-04-19 02:20:54.427470
1368,2801,5,2023-12-27 01:06:13.064010
1821,2357,1,2024-08-31 02:52:12.639657
1179,2425,5,2024-03-18 19:34:14.703182
1443,2936,3,2024-05-08 22:44:38.344658
1306,2367,4,2023-11-03 13:14:21.154886
1463,2621,4,2023-12-07 10:35:15.106304
1146,2788,5,2024-07-06 22:28:31.532310
1146,2380,1,2024-04-03 01:42:38.352255
1275,2087,2,2023-10-01 16:22:52.840324
1497,2797,3,2024-01-15 07:30:58.995139
1831,2610,3,2024-09-02 09:33:57.636688
1958,2560,2,2024-05-02 16:39:23.480372
1706,2764,3,2023-11-24 05:54:52.680875
1262,2487,3,2023-10-06 17:19:04.886578
1262,2543,1,2023-11-19 21:33:08.798056
2000,2350,5,2024-03-03 11:47:55.124398
1169,2748,2,2024-05-21 10:13:08.984870
1343,2230,4,2024-02-29 10:50:38.768735
1676,2281,2,2024-05-21 15:14:25.725902
1253,2404,5,2024-07-18 22:12:38.057950
1274,2618,1,2024-04-05 11:58:35.709907
1079,2035,1,2024-01-12 08:01:34.296676
1575,2981,1,2023-12-30 04:12:20.023299
1690,2384,4,2024-01-09 18:18:09.580442
1232,2616,3,2023-10-20 00:46:42.390122
1706,2174,4,2024-07-27 17:26:14.287669
1293,2085,5,2024-08-09 07:18:30.851969
1201,2685,5,2024-03-10 20:54:58.332470
1297,2056,4,2024-08-12 17:47:57.639702
1066,2958,3,2024-05-02 00:59:08.174284
1670,2912,5,2024-05-21 22:18:43.122737
1581,2023,5,2024-02-29 03:15:22.291613
1888,2657,1,2023-11-28 14:01:40.615682
1177,2195,2,2024-03-05 07:48:46.157621
1013,2876,5,2024-06-18 08:51:52.942140
1925,2557,5,2024-07-05 06:45:24.204789
1718,2594,4,2024-07-02 14:03:12.523592
1097,2679,4,2024-01-27 00:51:34.544958
1077,2996,5,2024-02-04 22:45:02.982935
1708,2291,4,2024-07-09 10:57:49.899446
1808,2889,1,2023-09-14 04:39:36.309023
1367,2548,4,2023-09-15 08:25:07.126403
1070,2746,4,2024-01-20 10:51:19.998794
1329,2016,3,2024-04-01 08:00:01.576002
1806,2737,2,2023-11-02 17:58:06.470614
1524,2822,3,2024-02-19 14:13:07.759873
1943,2513,3,2024-04-29 07:50:03.586499
1464,2789,1,2024-08-10 02:17:34.542355
1093,2451,4,2024-01-21 04:35:05.768341
1892,2924,5,2024-09-01 23:02:02.319368
1479,2316,2,2023-11-23 11:10:12.838644
1993,2353,3,2023-12-24 12:04:01.593960
1878,2029,1,2023-11-30 16:55:35.839829
1375,2397,3,2023-12-16 10:19:33.620100
1364,2950,3,2023-11-14 09:26:35.595895
1314,2548,4,2024-07-17 06:59:17.489748
1452,2899,2,2023-12-10 13:46:14.225812
1486,2101,3,2023-11-22 07:41:12.690681
1857,2937,3,2023-11-15 01:09:33.794487
1349,2617,5,2023-12-16 08:28:58.926655
1588,2227,4,2023-10-18 16:42:57.963517
1977,2588,1,2024-07-11 09:57:38.597799
1767,2050,4,2023-10-31 20:45:02.984899
1970,2722,1,2024-05-07 22:07:59.371053
1883,2077,1,2024-07-30 23:30:20.044718
1454,2310,4,2024-01-13 07:53:36.810574
1853,2870,3,2023-11-27 12:35:50.455859
1241,2435,4,2024-02-25 08:40:44.046214
1704,2249,4,2024-01-24 17:53:17.545647
1725,2533,3,2024-01-25 17:38:23.794044
1539,2589,2,2023-11-13 07:48:21.184656
1413,2935,1,2024-03-22 04:37:13.051820
1631,2988,5,2024-06-29 13:44:57.536015
1989,2576,4,2024-04-26 08:33:42.265241
1158,2668,1,2024-02-17 03:34:31.381949
1260,2387,5,2024-05-28 09:39:18.492642
1864,2772,1,2023-10-25 00:23:27.405449
1396,2397,2,2024-07-30 03:26:45.530572
1380,2443,5,2023-10-29 12:13:18.189506
1969,2031,5,2023-11-20 00:03:19.977220
1438,2002,1,2024-03-24 05:57:13.428126
1562,2135,2,2024-05-22 08:14:47.592565
1179,2264,4,2024-01-05 20:47:39.992013
1811,2699,3,2024-02-15 14:57:10.575590
1009,2988,4,2024-05-01 01:59:00.087287
1167,2337,3,2024-08-13 03:05:27.838834
1379,2898,2,2024-06-16 10:42:14.046295
1790,2957,2,2024-04-13 06:03:52.501286
1908,2160,1,2024-07-19 19:28:58.387172
1235,2453,2,2023-12-28 04:26:32.252374
1199,2477,1,2023-11-05 00:00:32.042049
1408,2089,5,2023-12-11 00:21:15.450305
1069,2294,5,2024-04-28 15:23:40.940440
1907,2160,4,2023-12-23 00:45:44.394097
1290,2879,2,2023-10-27 22:12:43.509330
1904,2578,5,2024-03-15 09:04:30.832730
1335,2582,5,2024-04-12 01:37:53.501651
1502,2246,3,2024-03-08 08:04:53.414258
1747,2939,3,2024-06-03 09:01:53.129269
1329,2547,3,2024-06-24 07:53:38.290356
1171,2110,2,2024-06-26 15:23:55.434352
1807,2010,2,2024-04-23 07:39:14.318054
1916,2257,5,2023-11-11 21:23:21.061368
1430,2507,2,2024-01-31 11:50:14.219196
1806,2673,3,2024-07-30 00:48:25.837892
1612,2589,3,2024-06-12 01:59:13.956277
1975,2557,3,2024-01-26 10:26:01.250275
1580,2254,1,2024-03-19 06:11:34.411733
1261,2725,1,2023-11-16 02:45:53.958225
1256,2728,5,2024-05-28 23:11:45.166481
1286,2938,1,2024-03-21 15:54:02.027371
1892,2199,3,2024-03-06 06:10:22.584666
1984,2659,1,2024-08-25 19:35:55.141777
1418,2662,4,2024-03-02 18:33:26.044641
1243,2219,2,2024-04-11 00:14:59.784412
1109,2351,1,2024-05-01 19:11:14.974630
1066,2010,2,2024-06-26 12:07:53.032160
1794,2901,4,2024-05-06 01:08:52.230785
1759,2866,2,2023-11-26 09:58:07.997746
1017,2523,5,2024-08-03 14:03:02.864727
1306,2392,4,2024-02-23 20:31:56.418367
1124,2504,1,2023-12-06 08:15:57.687381
1756,2318,1,2023-11-30 13:50:49.513741
1981,2844,3,2024-02-13 23:21:19.015691
1858,2541,3,2024-01-27 11:07:32.515841
1869,2878,4,2023-11-08 03:45:58.521631
1877,2429,5,2024-07-15 10:15:36.605536
1497,2472,3,2023-12-13 16:50:57.089313
1655,2838,4,2023-10-12 16:40:59.736109
1738,2676,4,2024-06-12 06:15:05.755865
1377,2313,5,2023-12-28 12:01:37.368474
1320,2204,3,2024-03-19 05:33:53.509733
1294,2504,1,2023-12-04 19:23:18.068710
1539,2017,3,2023-09-26 18:21:21.316333
1576,2039,2,2024-03-16 20:04:24.480697
1115,2450,5,2024-01-12 14:16:49.901101
1045,2216,1,2024-02-23 12:23:24.413015
1265,2923,1,2024-02-16 16:56:52.019673
1381,2846,5,2024-01-23 23:13:42.315587
1985,2171,4,2024-03-11 11:03:00.045166
1406,2355,1,2023-12-20 10:55:48.201096
1795,2552,2,2023-09-20 18:22:50.602540
1083,2173,5,2024-02-20 01:26:32.219467
1794,2070,3,2023-12-17 18:06:39.154761
1006,2796,3,2023-10-09 10:55:36.551368
1525,2063,5,2024-08-05 23:49:40.326194
1761,2205,1,2023-12-28 07:22:46.136930
1765,2040,5,2024-03-13 00:03:28.105165
1031,2529,1,2024-03-29 09:31:34.367449
1877,2832,1,2023-10-10 06:49:48.254218
1909,2677,3,2023-12-21 16:46:54.212130
1793,2223,2,2023-12-03 22:02:06.306500
1078,2825,1,2023-10-25 01:13:11.480600
1612,2938,2,2024-01-21 07:27:25.463568
1815,2884,4,2024-03-29 04:02:25.224144
1425,2387,4,2024-01-11 15:20:53.094104
1858,2623,2,2024-05-15 07:32:08.629415
1385,2975,3,2023-12-12 01:21:15.094257
1997,2647,4,2024-06-09 22:03:02.727707
1244,2505,3,2024-06-18 10:02:35.547191
1874,2634,5,2024-07-16 12:42:11.760886
1986,2990,4,2023-11-20 08:49:58.043313
1685,2179,5,2024-04-19 08:31:27.856269
1375,2059,2,2023-11-01 02:11:58.388610
1769,2245,5,2024-07-20 00:25:29.431150
1796,2368,4,2024-05-30 07:36:57.307606
1406,2467,1,2024-03-28 02:36:57.317116
1223,2884,4,2023-12-16 02:45:27.269979
1426,2354,4,2024-06-19 00:00:32.898505
1003,2479,1,2023-12-23 16:17:41.786553
1044,2155,3,2024-01-16 08:12:10.867146
1536,2916,3,2024-09-09 19:47:15.405307
1397,2880,3,2024-08-22 04:29:39.494354
1148,2123,4,2024-07-07 21:56:45.581232
1130,2068,3,2024-06-14 12:27:11.248961
1828,2729,4,2023-09-16 01:56:17.323486
1892,2608,1,2024-05-07 15:18:43.085547
1897,2545,5,2024-09-07 01:27:03.225668
1118,2652,1,2024-08-24 06:13:47.560413
1785,2186,5,2024-07-23 20:10:30.891678
1552,2224,4,2023-12-03 20:36:19.412252
1367,2128,3,2024-06-01 22:17:44.722989
1285,2469,2,2023-11-27 09:25:15.628779
1436,2732,1,2023-12-06 02:28:05.997586
1841,2277,2,2024-04-13 03:14:23.874407
1060,2610,3,2024-03-31 13:47:58.658326
1375,2404,1,2024-02-29 22:33:16.743094
1693,2114,1,2024-07-05 04:31:18.565638
1285,2129,4,2024-01-14 03:50:49.183385
1978,2315,1,2023-10-13 02:28:26.723784
1990,2098,4,2024-07-16 15:48:04.938447
1176,2745,4,2024-02-15 08:24:11.683285
1075,2143,3,2024-08-20 18:26:14.325300
1023,2181,5,2024-02-11 07:03:30.675890
1469,2092,5,2024-02-18 23:04:39.230723
1034,2678,4,2024-07-19 06:24:37.573025
1708,2133,5,2023-09-22 17:35:31.306074
1156,2387,3,2023-11-01 11:42:40.584610
1501,2459,2,2024-07-26 20:47:29.731043
1970,2698,4,2024-01-01 08:16:37.902281
1532,2628,4,2024-06-07 05:07:44.533052
1861,2456,3,2024-03-12 06:50:08.319750
1053,2496,3,2024-05-09 09:00:41.438705
1853,2850,1,2024-01-19 06:35:34.090727
1004,2681,1,2023-12-03 02:18:13.604729
1290,2073,1,2024-02-14 05:27:38.082349
1850,2768,3,2024-06-12 15:02:50.784261
1653,2998,1,2024-06-16 08:35:35.370365
1208,2260,2,2024-05-20 22:37:38.375802
1263,2783,1,2023-12-30 04:15:17.278991
1550,2203,3,2024-04-13 02:48:51.679187
1990,2052,1,2024-04-06 00:57:16.039699
1356,2723,3,2023-09-23 12:02:35.703155
1045,2827,2,2023-11-01 13:19:43.132826
1789,2412,3,2024-09-02 15:59:14.889396
1142,2258,5,2024-09-08 21:07:42.360329
1914,2037,5,2024-04-06 06:19:54.749634
1045,2920,4,2024-06-29 14:49:37.327530
1565,2301,2,2024-08-10 11:26:21.796422
1269,2900,2,2024-04-08 08:11:24.714715
1951,2581,2,2024-02-01 12:07:07.817367
1936,2782,4,2024-01-29 00:15:14.232512
1354,2796,3,2024-08-23 05:43:09.285852
1413,2612,5,2023-10-05 00:10:00.923502
1615,2452,1,2024-01-30 21:05:35.708252
1631,2529,1,2024-03-03 03:29:38.105630
1191,2724,5,2024-01-09 20:15:05.067545
1889,2525,4,2024-08-28 01:49:33.126091
1301,2949,1,2024-05-02 03:03:23.625617
1815,2574,2,2024-01-01 00:09:21.497423
1043,2068,4,2023-11-13 08:21:56.167178
1212,2203,2,2024-05-15 05:35:29.748767
1726,2109,4,2023-11-15 14:49:20.342316
1941,2937,1,2024-07-09 14:23:12.963878
1737,2751,4,2024-04-19 02:39:00.697672
1603,2340,1,2023-09-21 12:58:00.622251
1281,2491,3,2023-11-23 10:04:55.540712
1175,2469,2,2024-08-09 14:20:28.359876
1801,2760,3,2024-01-30 16:21:43.692187
1142,2463,1,2023-11-25 22:30:33.841347
1298,2470,1,2023-12-27 01:28:05.314791
1863,2815,3,2024-03-21 06:26:01.580501
1373,2468,4,2024-02-24 19:10:46.935733
1947,2720,3,2024-01-24 09:13:27.223139
1456,2248,2,2023-09-15 18:32:35.067669
1896,2823,1,2024-01-09 02:06:44.957025
1866,2184,4,2024-08-09 00:54:16.168552
1817,2994,4,2024-02-01 14:02:30.849716
1113,2181,5,2024-09-07 04:15:37.057930
1399,2922,3,2023-10-28 21:41:48.329242
1953,2010,3,2024-02-11 13:24:59.987487
1478,2814,3,2024-06-09 03:55:04.709393
1705,2097,3,2024-01-31 19:31:31.182748
1996,2318,2,2024-08-06 18:20:17.323593
1057,2863,3,2023-11-26 03:39:30.127819
1088,2972,5,2024-07-25 15:51:16.430682
1656,2912,3,2024-01-02 20:57:50.436021
1375,2052,5,2024-07-06 11:11:16.403668
1724,2041,3,2024-05-11 13:07:11.009881
1039,2013,4,2023-11-08 17:32:42.983229
1608,2621,2,2024-04-08 18:49:11.977541
1743,2043,1,2024-01-03 01:50:33.638102
1600,2605,4,2023-11-24 20:55:05.343971
1638,2109,4,2024-05-30 12:45:31.269372
1693,2409,1,2024-02-26 08:48:32.129742
1771,2633,5,2023-11-24 09:47:04.767102
1095,2269,1,2024-09-07 17:19:16.269458
1530,2805,3,2024-02-21 12:52:58.820086
1162,2465,4,2024-07-08 21:48:01.189317
1981,2548,3,2024-04-19 15:39:52.574084
1882,2760,4,2023-12-10 21:26:53.604548
1488,2531,4,2024-01-09 20:41:26.067687
1092,2651,5,2024-04-06 15:25:56.577748
1732,2611,4,2024-03-09 01:19:56.779694
1719,2144,5,2024-02-27 17:35:03.286592
1199,2815,3,2023-09-26 00:18:53.405320
1799,2332,1,2023-10-15 00:17:28.119048
1701,2556,2,2024-05-04 19:00:36.267905
1803,2460,5,2024-08-12 08:31:39.267360
1503,2469,2,2024-01-16 09:30:47.980083
1951,2706,4,2024-07-15 12:04:56.421435
1913,2239,5,2024-06-27 03:13:43.320958
1920,2561,1,2024-02-01 13:54:40.489801
1396,2395,3,2024-07-08 11:41:35.673429
1075,2098,5,2024-07-18 03:14:04.302547
1370,2285,5,2024-02-10 07:57:35.326793
1629,2176,4,2023-11-16 07:50:44.003295
1347,2618,2,2024-04-24 08:38:13.165454
1239,2612,5,2024-02-16 13:11:12.640904
1688,2350,3,2024-01-30 05:35:16.752273
1455,2441,1,2024-05-09 11:02:39.741565
1588,2515,1,2024-05-23 20:47:00.465836
1361,2288,2,2023-10-16 15:08:11.616886
1439,2123,1,2024-05-23 21:51:33.150209
1806,2143,2,2023-09-27 16:27:32.983550
1371,2109,3,2024-07-31 04:09:14.369841
1036,2090,5,2023-11-08 10:06:10.496429
1974,2415,2,2024-07-30 01:58:46.401302
1296,2842,1,2024-03-26 03:23:06.684121
1046,2488,3,2024-05-12 05:27:42.075562
1170,2146,4,2023-10-06 02:46:03.475653
1420,2972,2,2024-06-03 02:21:45.114482
1573,2936,3,2024-08-06 06:28:47.863464
1594,2263,1,2024-08-08 15:28:21.910125
1607,2576,5,2024-02-08 22:52:21.266235
1477,2259,5,2024-06-15 23:59:45.116612
1803,2783,5,2023-10-26 00:23:07.815026
1574,2339,4,2024-01-24 09:55:25.446747
1260,2237,5,2024-06-13 15:20:04.478501
1975,2947,3,2024-03-13 23:06:39.882482
1350,2570,4,2024-06-22 10:42:36.539949
1130,2537,3,2024-02-08 12:30:38.338934
1257,2816,1,2023-11-10 22:38:49.141089
1944,2394,1,2023-11-26 11:28:51.470862
1798,2419,2,2023-09-28 00:58:05.124561
1019,2110,5,2023-09-21 11:54:34.067446
1505,2034,4,2024-05-02 01:51:30.375422
1255,2638,1,2024-05-15 12:02:52.187713
1134,2499,5,2024-02-27 10:38:46.632429
1487,2598,3,2024-01-15 06:07:40.793433
1960,2647,5,2024-02-04 14:14:29.876538
1685,2213,1,2023-11-21 17:48:07.586473
1350,2019,3,2023-09-25 12:49:49.965954
1119,2815,5,2023-12-12 06:27:23.958166
1227,2507,5,2024-05-27 17:30:14.034650
1212,2356,5,2023-10-31 14:03:46.388463
1487,2321,3,2024-05-13 13:21:25.404370
1191,2995,4,2024-02-28 07:10:19.149938
1495,2237,1,2024-02-27 05:51:05.987586
1127,2365,4,2023-10-11 21:18:30.319444
1044,2519,3,2024-05-08 17:00:33.881332
1130,2529,1,2024-05-29 08:47:29.250735
1186,2622,4,2024-02-18 14:41:14.745213
1481,2922,3,2024-03-01 16:31:09.185132
1959,2587,4,2023-12-22 16:35:51.829614
1921,2957,1,2023-11-09 16:12:26.019067
1287,2182,3,2024-07-13 23:45:37.197561
1097,2563,2,2024-04-20 10:25:22.661901
1546,2955,5,2023-11-15 11:19:13.718868
1696,2805,1,2023-10-27 01:59:17.412743
1403,2124,5,2024-06-08 13:02:55.924275
1119,2853,2,2023-11-12 06:19:43.638783
1693,2711,5,2024-05-13 22:58:10.016600
1959,2872,5,2023-09-15 19:58:35.512610
1878,2787,3,2023-12-20 12:58:14.581975
1130,2753,5,2024-02-19 16:24:32.883816
1425,2435,5,2023-11-15 17:29:17.821044
1937,2318,1,2024-05-29 16:04:24.470020
1871,2190,4,2024-08-02 18:47:35.259798
1411,2946,2,2024-03-24 03:42:37.860608
1052,2561,4,2024-02-20 04:40:57.138668
1444,2382,3,2023-09-29 04:19:29.194027
1374,2976,5,2024-04-30 14:07:38.436632
1649,2674,2,2024-03-20 17:05:56.434219
1804,2479,4,2024-05-10 17:22:23.037249
1404,2593,4,2024-05-09 19:27:45.892140
1732,2597,1,2023-10-19 06:46:05.610045
1083,2319,3,2024-05-20 21:07:13.960545
1414,2453,2,2024-02-20 21:35:15.589476
1198,2259,1,2024-04-17 05:25:53.315545
1298,2280,4,2023-09-29 12:17:23.926921
1129,2498,3,2024-01-27 13:51:56.148502
1438,2692,4,2023-11-24 10:05:39.433596
1207,2294,4,2023-12-11 22:30:55.088666
1850,2983,5,2024-08-08 15:38:50.315264
1179,2041,5,2023-11-23 18:44:00.657687
1816,2973,1,2023-09-17 14:17:45.921375
1626,2278,3,2023-09-21 22:39:31.790972
1529,2086,5,2023-09-17 01:20:09.951703
1317,2857,5,2024-07-07 10:14:44.692884
1337,2863,1,2024-05-17 02:04:08.242621
1315,2225,5,2023-10-04 19:27:10.881805
1816,2068,3,2024-08-26 21:50:15.909261
1334,2077,3,2023-10-17 00:30:26.861463
1856,2155,5,2024-07-12 20:29:31.519066
1447,2692,2,2024-05-11 07:07:29.639631
1359,2277,3,2024-06-02 04:13:04.670343
1313,2105,3,2023-09-27 19:30:36.233982
1095,2219,2,2024-03-16 22:09:35.375873
1878,2944,3,2024-07-05 15:16:26.857545
1128,2200,1,2024-01-07 14:14:19.192267
1332,2547,2,2024-04-27 15:57:59.044187
1656,2292,2,2024-04-26 21:26:37.092808
1972,2731,1,2024-08-17 23:47:47.089674
1404,2725,2,2024-02-03 00:44:32.869297
1596,2648,2,2024-02-15 00:24:10.525360
1761,2530,2,2023-12-05 14:56:27.246350
1125,2514,4,2023-10-20 09:52:19.919673
1480,2712,3,2024-01-07 20:16:18.177013
1650,2715,2,2023-09-17 05:08:44.753791
1815,2030,2,2024-05-07 14:27:01.859263
1132,2231,3,2023-09-16 02:43:58.195562
1152,2502,3,2023-11-28 10:46:46.702612
1933,2506,2,2023-12-01 03:01:02.480643
1908,2533,5,2024-05-09 01:14:28.742615
1967,2448,4,2023-12-22 10:35:58.730668
1126,2555,1,2024-04-26 14:44:49.041065
1612,2891,5,2023-09-27 18:51:54.616647
1508,2457,2,2024-07-31 03:26:14.053512
1908,2752,1,2024-02-08 21:16:59.320708
1712,2929,4,2024-06-18 01:49:24.062018
1115,2452,5,2024-03-12 04:52:13.719766
1910,2521,1,2024-09-07 11:58:00.744413
1538,2433,2,2024-05-28 23:35:01.088362
1145,2068,4,2024-06-26 17:42:00.764140
1878,2131,5,2024-08-13 13:42:01.447353
1281,2789,4,2024-04-06 15:13:18.867570
1566,2513,1,2023-12-12 18:09:13.903404
1685,2942,2,2023-10-16 08:12:54.306306
1399,2808,3,2024-01-08 04:55:07.725992
1952,2174,5,2024-04-29 03:47:46.860157
1855,2141,3,2024-01-31 15:46:42.042139
1745,2721,2,2024-08-14 10:07:12.611004
1061,2243,5,2024-06-19 11:40:13.424113
1140,2157,5,2023-10-30 06:57:07.234856
1596,2276,3,2023-11-14 18:37:00.529667
1935,2033,2,2024-06-15 22:43:44.649321
1655,2452,1,2024-05-19 21:15:48.672482
1928,2907,5,2024-09-02 22:48:32.262114
1659,2947,4,2024-05-12 02:57:05.760064
1034,2455,4,2023-10-06 09:30:50.168283
1237,2212,5,2023-09-18 04:24:43.468383
1140,2702,2,2024-08-09 20:59:06.622195
1982,2361,2,2024-02-22 16:45:28.757018
1223,2196,3,2024-03-16 09:14:22.031678
1529,2488,3,2024-06-08 16:16:11.103043
1232,2870,2,2024-03-13 14:33:58.437873
1367,2481,4,2024-05-26 02:19:00.451462
1179,2484,5,2023-09-16 14:13:07.070073
1495,2969,3,2023-09-19 11:39:30.020466
1930,2016,2,2024-06-14 22:24:06.761884
1402,2294,2,2023-10-27 01:09:12.577109
1171,2032,5,2023-12-07 01:54:01.440289
1786,2583,2,2024-02-15 05:48:59.205531
1808,2600,2,2023-12-09 16:34:13.323186
1261,2182,1,2023-10-10 17:37:02.899420
1342,2954,2,2023-10-31 23:29:07.055876
1602,2847,1,2024-03-11 21:25:24.926130
1234,2375,1,2023-11-24 12:29:37.648014
1641,2334,4,2024-01-26 23:25:23.638443
1607,2540,2,2024-05-03 05:39:56.973171
1035,2444,4,2023-12-07 16:31:06.793940
1979,2637,2,2024-06-02 15:35:11.414665
1079,2893,5,2024-09-06 19:06:39.853150
1449,2729,2,2024-02-20 19:18:15.625198
1675,2057,4,2024-07-28 04:11:16.389856
1463,2042,5,2023-10-30 18:39:33.646993
1679,2250,1,2024-01-05 17:10:28.697797
1790,2907,5,2024-06-25 04:06:17.357388
1755,2090,3,2023-09-26 04:53:47.682647
1987,2058,5,2024-06-26 22:15:30.212425
1263,2648,3,2024-02-10 06:33:46.524354
1243,2663,2,2024-07-04 13:43:56.975888
1876,2759,3,2024-06-11 20:51:21.953208
1009,2430,5,2023-12-04 09:09:13.806752
1775,2907,2,2024-06-05 09:53:48.863842
1225,2743,2,2024-01-14 21:58:55.125939
1759,2067,1,2023-11-25 21:51:11.467739
1669,2677,5,2023-10-01 11:42:23.350621
1208,2528,4,2024-08-11 21:51:12.897045
1818,2241,2,2024-09-06 17:34:34.227915
1659,2244,3,2024-06-30 11:02:28.102052
1962,2771,1,2024-05-23 01:06:47.557595
1484,2310,1,2023-12-01 23:35:53.304029
1284,2038,4,2024-07-26 11:38:10.993871
1032,2243,1,2024-03-20 04:48:16.946778
1292,2615,4,2023-11-17 18:37:21.052294
1619,2758,2,2024-04-28 18:13:45.494762
1138,2838,5,2023-10-05 08:07:22.834076
1605,2447,4,2024-03-09 07:19:30.932561
1278,2994,4,2024-08-25 01:16:19.403663
1801,2399,2,2023-09-30 18:27:47.488750
1562,2010,5,2024-09-08 01:27:03.744596
1059,2088,3,2024-08-19 10:23:46.532309
1104,2831,5,2023-10-27 14:20:40.316282
1104,2254,5,2023-11-14 04:06:27.147964
1301,2654,3,2024-03-30 04:46:08.050782
1628,2341,4,2024-06-28 04:31:45.764611
1084,2929,3,2023-11-25 09:11:40.271957
1360,2087,4,2024-03-15 01:40:07.528000
1367,2343,3,2024-02-14 10:01:22.355213
1803,2921,3,2024-02-29 07:58:03.721862
1884,2958,2,2023-11-10 16:41:01.279157
1604,2412,3,2023-11-22 21:15:44.661349
1908,2448,2,2024-02-13 14:32:10.428728
1699,2421,4,2024-04-20 00:27:12.473767
1260,2169,5,2023-12-31 10:36:54.000822
1877,2111,2,2024-04-09 06:28:56.527130
1599,2013,1,2024-08-30 04:33:32.927821
1200,2242,5,2023-11-24 07:08:23.336419
1738,2176,5,2024-07-22 17:31:19.670062
1677,2535,5,2024-03-05 11:32:01.973219
1383,2556,5,2024-08-24 02:03:37.242874
1692,2296,3,2024-01-21 01:42:57.205555
1334,2248,1,2024-01-27 16:41:16.075508
1106,2898,3,2024-03-01 15:52:06.165021
1685,2561,3,2024-02-13 02:58:10.756224
1035,2618,4,2024-04-21 07:30:37.536970
1840,2416,4,2024-02-17 01:03:16.581748
1621,2637,3,2023-11-07 16:06:00.662884
1037,2700,1,2024-08-25 02:06:59.359818
1970,2900,5,2024-03-05 18:48:34.587363
1706,2878,2,2024-06-16 00:35:46.732862
1027,2536,5,2024-02-14 20:10:08.362271
1651,2658,3,2023-10-12 03:18:22.247233
1640,2880,5,2024-08-07 19:29:30.385096
1132,2289,4,2023-12-30 09:27:52.781092
1042,2160,4,2024-03-25 22:39:10.380816
1691,2125,4,2024-03-31 15:52:33.929305
1276,2213,3,2023-11-14 21:50:41.989787
1473,2836,2,2024-01-28 16:38:32.698716
1431,2715,3,2024-01-01 10:41:26.969327
1228,2902,5,2023-12-24 04:23:45.150394
1919,2948,4,2024-04-04 01:18:34.874957
1165,2426,5,2024-03-05 08:40:22.714723
1812,2993,5,2024-01-11 10:45:26.776012
1042,2797,5,2024-05-29 20:01:39.670771
1403,2755,4,2023-11-22 05:18:15.219914
1416,2300,5,2024-08-11 08:17:58.690537
1881,2430,4,2023-09-13 06:21:09.533855
1685,2789,5,2024-07-22 10:46:08.374063
1406,2030,5,2024-06-04 11:56:35.416782
1575,2221,3,2024-01-26 10:21:40.034716
1990,2594,2,2024-02-06 11:56:28.555580
1253,2564,1,2024-02-10 14:41:12.202686
1039,2465,3,2024-02-02 21:06:41.367309
1938,2839,3,2024-06-08 19:36:04.638657
1412,2492,5,2024-01-30 00:05:12.597010
1072,2582,4,2024-01-02 03:54:09.955573
1004,2862,3,2024-09-06 10:05:18.022765
1913,2290,4,2023-10-07 18:07:48.764288
1902,2804,3,2024-07-30 23:24:03.136800
1743,2935,2,2024-09-08 05:28:56.698525
1136,2399,3,2023-10-27 04:50:48.875284
1848,2961,3,2024-08-17 04:31:51.400576
1778,2519,2,2023-11-10 00:56:11.864962
1844,2977,5,2024-06-16 09:33:03.736318
1780,2079,3,2024-08-26 07:23:18.461787
1800,2672,3,2024-06-19 10:28:40.727671
1986,2462,2,2024-06-12 05:51:14.754798
1126,2602,5,2024-01-17 01:15:50.627041
1965,2500,5,2024-05-27 17:45:24.773302
1102,2626,4,2024-04-30 15:47:13.175625
1092,2695,1,2024-01-24 05:05:21.130235
1205,2363,3,2023-10-02 19:31:54.379241
1817,2498,1,2024-01-30 11:26:41.724168
1234,2016,5,2024-02-13 14:44:33.997019
1141,2948,4,2023-12-10 21:01:29.045716
1420,2456,4,2024-03-04 05:20:04.321833
1339,2303,4,2024-08-13 07:04:44.672645
1592,2076,4,2024-01-21 17:46:40.279828
1914,2950,4,2024-05-26 19:13:59.420369
1624,2921,4,2023-09-22 01:23:34.618792
1500,2075,4,2024-05-11 20:51:35.353075
1366,2546,5,2023-11-04 18:01:30.227844
1678,2396,4,2024-04-19 20:48:37.516447
1028,2475,5,2024-08-21 14:54:33.314011
1427,2872,3,2023-11-04 13:29:38.818229
1115,2159,2,2023-12-11 02:29:08.590179
1373,2850,2,2024-04-09 23:18:44.394174
1757,2298,5,2024-05-10 17:56:25.519398
1358,2824,4,2023-11-09 16:44:27.349852
1851,2128,2,2023-10-24 08:56:23.102961
1413,2209,2,2023-10-15 10:50:14.970458
1306,2191,5,2024-05-28 15:30:17.092944
1457,2449,4,2024-01-30 02:48:24.921896
1839,2779,2,2024-05-26 14:56:42.387610
1467,2360,3,2024-09-01 12:50:00.225647
1128,2776,5,2023-10-11 02:01:15.618720
1754,2485,4,2024-08-09 02:06:10.024806
1939,2905,3,2024-07-27 16:34:00.340329
1396,2667,5,2023-11-11 07:16:36.800292
1368,2058,1,2024-02-14 15:33:35.379109
1557,2102,2,2024-05-21 10:10:56.219634
1593,2812,3,2024-03-12 14:15:24.588371
1161,2103,4,2024-03-24 11:37:18.036515
1786,2183,1,2024-07-31 13:52:32.918311
1116,2874,5,2024-04-12 19:08:29.612525
1779,2676,5,2024-06-05 19:11:28.711627
1318,2816,2,2024-06-12 13:36:37.638022
1911,2447,1,2024-08-14 08:04:45.883662
1343,2427,2,2024-07-25 06:48:57.993948
1828,2240,3,2023-10-21 15:34:38.033057
1527,2797,3,2024-04-07 21:05:01.100810
1749,2466,1,2024-06-29 00:41:53.210681
1726,2523,1,2024-07-05 03:02:03.723697
1737,2318,3,2023-12-18 23:53:00.336660
1231,2904,3,2023-11-27 06:21:27.619681
1057,2644,4,2024-06-11 01:02:22.907871
1915,2280,1,2024-05-24 01:03:07.351552
1305,2466,1,2023-09-14 01:59:08.925614
1174,2804,2,2023-11-12 05:50:58.061012
1247,2078,4,2024-03-09 08:02:06.157219
1854,2253,3,2023-10-17 02:51:06.884860
1176,2421,3,2024-06-20 08:09:28.610126
1932,2572,5,2024-02-11 08:23:19.122597
1864,2254,3,2024-02-10 23:38:48.170449
1171,2058,1,2023-12-26 01:13:42.497063
1342,2942,2,2024-02-16 03:18:27.515776
1084,2117,3,2023-11-15 03:59:54.177134
1738,2917,5,2023-11-18 19:38:41.814143
1102,2657,3,2023-10-30 19:13:46.425998
1773,2791,3,2024-03-07 09:59:50.106358
1526,2266,5,2024-03-13 07:29:54.503814
1895,2406,5,2023-10-22 00:01:44.351638
1935,2906,3,2024-04-05 20:42:01.765539
1355,2205,2,2023-11-28 09:04:26.819040
1932,2291,4,2023-11-24 03:06:22.286786
1695,2373,4,2024-06-11 15:17:17.880947
1126,2687,4,2024-07-03 06:46:21.284880
1798,2155,5,2023-11-20 19:43:24.002439
1108,2423,3,2024-09-04 17:59:07.935139
1871,2044,3,2024-07-26 02:04:46.710404
1990,2998,5,2024-02-19 17:02:39.450151
1447,2518,2,2024-08-10 04:35:42.583467
1027,2227,4,2023-10-21 14:53:16.908447
1901,2425,1,2024-05-01 04:31:53.354898
1018,2205,3,2023-10-10 21:18:01.851116
1089,2586,5,2023-10-13 00:59:40.185893
1266,2134,1,2023-10-27 06:38:08.677252
1748,2132,5,2023-10-05 05:00:57.771415
1034,2083,1,2023-09-22 13:45:27.695020
1132,2428,2,2023-12-06 11:43:59.545130
1204,2799,2,2024-03-06 22:48:15.100367
1497,2442,4,2024-06-15 12:21:42.855911
1258,2292,5,2023-09-15 05:02:21.515980
1956,2663,4,2023-12-17 22:06:24.987666
1492,2869,3,2024-08-25 14:52:52.598105
1812,2915,1,2024-05-11 17:45:44.491522
1510,2344,2,2024-06-25 23:42:27.244557
1091,2647,1,2023-09-27 00:38:09.279401
1334,2634,4,2023-11-27 19:52:53.465204
1236,2399,4,2024-06-26 22:19:03.704739
1821,2477,5,2024-01-26 22:42:11.578205
1585,2088,1,2024-03-19 16:33:06.754387
1828,2778,5,2024-08-28 02:52:31.513136
1358,2058,1,2023-12-17 19:57:35.121170
1525,2919,1,2024-03-07 05:13:08.382566
1393,2643,1,2024-06-14 04:36:45.732851
1372,2511,1,2024-04-19 11:28:58.477619
1893,2879,4,2024-01-12 15:49:30.851844
1857,2020,1,2024-05-17 18:43:40.979823
1950,2228,2,2024-01-15 01:02:29.548335
1019,2444,5,2024-01-04 20:52:59.371373
1368,2899,3,2023-12-08 05:57:25.207715
1889,2860,3,2024-01-21 15:59:33.391857
1693,2504,5,2024-02-04 06:36:40.220987
1287,2565,1,2024-04-21 19:54:45.201626
1240,2802,4,2024-09-01 22:59:49.320438
1395,2996,3,2024-07-26 14:53:39.038385
1775,2561,4,2024-07-02 05:16:41.011136
1545,2303,4,2023-09-12 20:44:46.895332
1684,2207,3,2024-07-25 16:39:53.630781
1478,2022,5,2024-02-05 11:51:45.234396
1489,2944,2,2024-07-12 20:48:29.964285
1655,2047,3,2024-08-14 14:21:37.086539
1967,2027,5,2023-09-21 02:48:55.463647
1397,2951,1,2023-10-26 14:58:15.537364
1587,2699,2,2024-03-23 13:04:34.962031
1121,2801,5,2024-08-24 02:29:15.542639
1382,2776,1,2024-06-12 04:38:50.538195
1903,2418,1,2023-12-11 12:19:41.692753
1630,2996,4,2024-02-23 19:06:44.468627
1146,2171,1,2024-05-19 08:38:20.593764
1334,2424,5,2024-07-25 10:37:48.624352
1526,2661,1,2024-03-17 19:19:10.211897
1763,2569,3,2024-05-09 21:06:38.642694
1302,2922,3,2023-09-12 21:08:09.486739
1408,2133,2,2024-05-01 18:54:14.344601
1614,2988,2,2024-08-20 18:30:24.515692
1171,2640,2,2024-01-07 09:53:26.921348
1544,2728,2,2024-04-30 05:14:47.961518
1494,2244,3,2024-07-26 18:01:26.670915
1903,2797,2,2024-08-30 20:57:59.751476
1263,2849,5,2024-06-06 11:40:02.581534
1314,2085,1,2024-05-16 08:16:24.721241
1045,2815,5,2023-12-06 01:01:33.717114
1465,2200,1,2024-03-06 17:02:04.183040
1329,2680,4,2024-06-07 17:23:50.510987
1798,2702,1,2024-06-27 17:22:23.048693
1359,2998,5,2024-01-16 23:07:07.752420
1721,2360,2,2024-08-19 17:29:54.628374
1385,2720,1,2024-08-20 14:28:25.424836
1222,2799,3,2024-03-03 15:16:38.647077
1365,2072,5,2024-05-09 04:32:55.262100
1527,2248,2,2024-05-24 05:21:13.407606
1312,2444,3,2023-10-18 10:16:39.690106
1002,2074,5,2024-01-30 07:17:04.450789
1347,2324,5,2024-04-20 12:02:48.608481
1337,2341,1,2024-05-28 18:25:09.903214
1946,2892,1,2024-07-25 10:40:47.087946
1293,2798,5,2024-07-27 18:33:50.222780
1407,2162,5,2024-06-24 09:37:06.149021
1265,2132,2,2024-05-30 11:49:33.065105
1120,2892,3,2023-09-23 07:58:57.178799
1417,2672,1,2024-03-11 14:23:54.555548
1300,2109,5,2023-10-13 13:06:57.698452
1987,2988,3,2024-07-11 17:55:23.940090
1828,2187,4,2024-09-09 15:04:30.644047
1561,2256,3,2024-09-06 07:26:13.555900
1619,2008,4,2024-02-29 05:35:25.465564
1178,2242,1,2024-08-04 03:24:33.784695
1357,2757,1,2024-08-25 13:27:24.273304
1877,2768,4,2024-03-05 20:16:50.491398
1402,2833,4,2024-03-27 05:04:19.442689
1886,2425,2,2023-12-09 14:54:25.998163
1373,2956,2,2023-11-12 23:40:54.590389
1209,2467,4,2024-08-21 14:25:26.867313
1304,2967,1,2024-05-24 08:56:28.608189
1392,2153,2,2023-10-20 06:13:43.756635
1264,2216,1,2024-09-08 13:16:30.691839
1716,2622,4,2023-09-22 09:51:29.053460
1639,2825,2,2024-08-16 01:07:42.453117
1652,2027,5,2024-01-08 23:44:04.393381
1954,2058,5,2024-01-29 19:17:11.870833
1949,2612,1,2023-12-23 03:15:23.556034
1049,2803,1,2024-05-31 09:49:20.077495
1584,2451,3,2024-05-11 23:06:46.815503
1010,2674,4,2024-08-24 06:21:41.730200
1224,2381,5,2024-05-13 16:02:12.302085
1302,2203,5,2024-05-11 19:06:47.055713
1571,2957,4,2024-08-13 18:11:27.244227
1322,2418,3,2024-04-30 03:14:17.995117
1342,2389,1,2024-03-09 10:05:58.430145
1532,2149,1,2024-06-28 07:13:25.418960
1012,2476,2,2024-01-11 06:57:42.006682
1579,2645,4,2023-12-02 11:32:18.698859
1053,2436,2,2024-04-09 02:32:24.059390
1915,2745,1,2024-08-14 03:55:56.692842
1054,2999,2,2023-10-05 08:33:45.346797
1580,2490,3,2024-01-15 02:20:30.326533
1344,2169,5,2024-08-09 04:00:48.702934
1161,2527,3,2024-06-09 02:23:04.342476
1412,2522,1,2024-06-02 13:07:44.888978
1199,2161,5,2024-05-07 13:48:34.742522
1474,2381,5,2024-06-24 11:32:46.704150
1631,2592,4,2024-08-29 15:36:17.955208
1825,2072,2,2024-02-18 08:00:47.457306
1168,2284,4,2023-12-05 23:20:59.844980
1824,2175,4,2023-12-15 08:51:44.334239
1936,2315,3,2023-12-27 00:20:13.676473
1220,2891,2,2023-10-22 10:03:33.852910
1777,2134,2,2024-01-14 00:09:01.135204
1833,2899,2,2024-04-15 00:47:39.439457
1421,2895,4,2023-11-19 11:02:25.954643
1599,2289,1,2024-08-20 19:07:12.561450
1053,2205,4,2024-04-07 23:04:34.393969
1051,2839,2,2023-10-28 06:37:04.350292
1912,2040,2,2024-01-04 04:39:11.665712
1218,2179,4,2024-01-28 14:24:21.647990
1746,2377,1,2024-06-06 21:21:08.327998
1497,2597,5,2024-01-03 06:05:44.268765
1755,2474,5,2024-04-14 06:01:45.814492
1905,2037,1,2023-11-20 01:57:13.542892
1706,2319,3,2024-01-31 12:05:50.975093
1412,2356,1,2024-02-13 11:44:46.541783
1965,2229,1,2024-06-19 10:34:12.817728
1264,2930,1,2024-06-29 00:33:34.373261
1352,2442,3,2024-08-17 20:16:14.882301
1459,2815,1,2023-10-27 20:53:13.162705
1131,2941,2,2024-05-11 03:55:00.608330
1436,2224,4,2024-04-14 12:18:26.737000
1611,2352,2,2023-10-20 16:00:48.827190
1485,2197,5,2023-09-15 02:15:04.761050
1860,2220,3,2024-07-19 01:18:28.406785
1720,2319,2,2024-01-05 03:02:25.480055
1537,2698,1,2024-07-05 19:51:50.720029
1008,2636,5,2023-12-29 03:35:27.485713
1098,2728,5,2023-11-30 16:34:08.253937
1730,2367,2,2024-05-17 02:15:23.445669
1925,2414,3,2023-11-04 14:00:08.102375
1903,2356,3,2023-12-24 05:51:37.572898
1416,2571,2,2024-06-10 14:15:18.029724
1652,2847,2,2024-07-17 20:57:16.400081
1920,2065,2,2024-07-10 01:34:33.981587
1302,2125,2,2023-09-24 06:45:25.296975
1873,2450,1,2024-01-06 15:58:18.211787
1820,2990,2,2024-03-13 05:25:54.737910
1263,2729,4,2024-05-20 05:48:33.320882
1693,2603,1,2023-12-20 14:43:34.698473
1637,2260,5,2024-07-17 08:10:20.178659
1890,2355,1,2024-04-08 09:00:26.394788
1214,2239,4,2024-04-29 05:34:37.564270
1419,2684,5,2023-11-29 12:31:32.731908
1244,2232,4,2023-12-27 04:52:59.070937
1789,2589,3,2024-08-29 17:46:34.744302
1561,2949,3,2023-10-03 05:14:38.322864
1287,2940,4,2024-07-03 15:48:53.700948
1670,2530,5,2023-11-06 12:15:29.066111
1063,2128,3,2024-05-30 12:42:30.118550
1958,2251,1,2024-07-17 11:41:04.488434
1830,2295,3,2024-08-18 00:43:17.571063
1229,2883,2,2023-12-02 22:37:54.273480
1692,2396,3,2024-06-06 10:54:02.725691
1595,2379,3,2024-08-13 21:53:13.712324
1136,2730,5,2024-06-21 04:16:34.563128
1378,2919,2,2024-07-20 16:01:27.296885
1530,2844,2,2024-06-03 09:52:51.591241
1523,2650,3,2023-12-29 23:33:40.822075
1574,2583,5,2024-07-05 09:54:28.629083
1644,2573,5,2024-08-09 23:22:45.331537
1524,2547,3,2023-11-08 21:09:23.578680
1555,2740,2,2023-09-19 14:44:51.931880
1527,2177,2,2024-02-02 00:23:17.264280
1551,2538,5,2024-02-13 00:41:32.771946
1944,2473,3,2024-03-02 15:36:26.024446
1994,2879,4,2024-01-16 22:53:02.117691
1098,2411,2,2024-02-01 16:17:54.868059
1056,2733,5,2023-10-07 23:17:31.420847
1658,2957,4,2024-06-03 04:15:48.062503
1641,2562,4,2023-12-23 20:50:33.824832
1838,2404,4,2024-08-13 21:03:45.215154
1174,2795,2,2024-05-24 19:27:26.227133
1160,2010,2,2024-03-29 21:25:52.899891
1256,2617,4,2023-10-17 06:47:12.873629
1714,2344,5,2024-01-07 20:42:59.923287
1435,2934,1,2024-06-26 17:51:19.068219
1904,2055,3,2024-07-23 23:35:16.268993
1671,2856,4,2023-10-01 12:08:19.805213
1550,2111,5,2024-08-18 01:58:15.081415
1588,2418,3,2023-12-31 19:08:48.185494
1494,2197,3,2024-05-07 20:04:16.847247
1063,2361,5,2024-04-09 12:55:48.987013
1544,2991,1,2024-02-20 03:09:13.543039
1110,2677,2,2024-03-05 22:40:30.932359
1519,2944,3,2024-08-04 10:30:19.302869
1459,2855,4,2023-11-27 08:28:06.166470
1301,2968,5,2024-07-01 12:31:12.042482
1799,2769,5,2023-11-22 04:46:20.336560
1139,2861,4,2024-05-06 14:18:10.465621
1292,2335,3,2024-01-22 00:53:28.196960
1835,2184,3,2024-07-20 10:26:09.851770
1925,2981,2,2023-10-18 23:21:26.124143
1262,2927,1,2024-06-24 15:12:17.532812
1773,2514,2,2024-07-21 06:30:17.842934
1524,2261,2,2024-01-27 06:30:16.736910
1956,2169,4,2024-09-04 15:49:26.659238
1200,2385,3,2024-05-16 21:33:39.871219
1771,2351,4,2023-11-12 04:18:31.229991
1879,2875,5,2023-10-02 07:29:43.544653
1380,2602,5,2024-01-19 14:40:10.801085
1287,2284,1,2024-03-02 19:35:17.094808
1807,2227,3,2024-08-21 21:54:14.795696
1027,2332,5,2023-10-24 14:20:28.421360
1089,2619,5,2024-03-17 23:53:16.867275
1735,2122,2,2024-01-13 08:47:32.631571
1033,2603,2,2024-02-17 04:28:53.637993
1398,2525,5,2023-11-05 00:01:16.314226
1034,2247,3,2024-06-01 15:24:37.772135
1030,2049,3,2023-12-10 05:19:36.984011
1912,2180,2,2023-10-25 03:06:05.447673
1884,3000,2,2024-02-03 14:36:00.147586
1945,2395,3,2023-12-31 07:00:41.099682
1762,2583,5,2024-04-16 11:27:46.072439
1364,2310,3,2023-11-13 17:41:11.817245
1243,2010,5,2024-06-09 21:57:12.066247
1392,2048,4,2024-06-21 02:37:12.612037
1989,2894,5,2024-09-07 18:00:44.420466
1855,2026,5,2024-05-13 17:13:00.503948
1992,2820,1,2023-10-14 11:13:00.361183
1774,2264,1,2024-02-28 02:09:35.966862
1588,2958,2,2024-07-06 13:48:33.475918
1147,2326,2,2024-01-29 07:06:42.840424
1740,2118,5,2024-04-29 16:35:26.780735
1550,2911,1,2024-02-21 07:30:25.082347
1821,2758,2,2023-09-15 23:24:39.426913
1592,2564,1,2023-10-24 08:02:12.462354
1414,2380,1,2023-10-26 07:34:53.953039
1001,2167,1,2024-05-03 00:08:49.819084
1112,2368,2,2024-08-08 13:12:39.611581
1406,2982,4,2023-12-02 21:26:00.675990
1507,2611,3,2024-04-13 01:53:51.014847
1548,2381,4,2024-09-06 08:34:27.324736
1497,2886,5,2024-03-04 20:52:28.350525
1281,2351,1,2024-05-22 02:44:28.576181
1524,2283,5,2023-10-16 06:32:16.573024
1728,2319,2,2024-04-15 06:44:31.276253
1014,2056,3,2024-01-29 23:24:25.508370
1342,2794,4,2024-09-10 23:03:55.423241
1678,2965,4,2024-05-25 09:43:50.495538
1658,2441,4,2023-12-29 17:05:18.377730
1142,2992,5,2023-10-27 11:29:58.194681
1790,2540,3,2024-01-08 12:35:09.894040
1076,2530,4,2024-05-29 10:25:37.956523
1479,2973,4,2024-07-22 15:38:13.755203
1636,2877,4,2024-03-26 01:23:59.837761
1125,2519,2,2024-02-06 18:44:13.054716
1629,2506,2,2024-05-24 16:14:32.445113
1864,2021,4,2024-02-02 13:37:58.606375
1838,2464,3,2024-07-06 07:23:24.132129
1502,2943,5,2024-06-23 21:27:24.717021
1596,2874,1,2024-03-23 08:19:41.372286
1203,2416,4,2023-10-05 02:06:59.602816
1615,2107,1,2024-07-13 11:54:35.296578
1537,2576,1,2024-03-26 14:17:30.921016
1854,2887,5,2024-07-06 19:21:11.565972
1688,2291,5,2024-05-06 18:21:30.726325
1311,2913,4,2024-06-12 22:46:44.839592
1385,2053,1,2023-11-26 12:17:04.446250
1183,2369,5,2024-05-09 06:40:55.335924
1013,2559,4,2023-10-24 14:09:32.729937
1565,2287,4,2024-07-22 13:49:20.070431
1098,2087,2,2024-05-22 15:48:09.293070
1101,2281,3,2023-09-13 16:22:33.149657
1289,2749,4,2024-02-22 02:02:34.868256
1391,2609,2,2024-01-04 12:45:03.503778
1368,2430,5,2023-09-26 00:49:35.396156
1512,2121,1,2024-04-08 18:43:45.229088
1332,2052,4,2024-05-07 02:35:48.973264
1318,2675,5,2023-10-13 19:31:26.872026
1597,2194,5,2023-12-14 12:24:27.820292
1021,2399,3,2024-06-12 18:55:36.118114
1202,2466,2,2023-10-12 15:22:50.781320
1821,2066,2,2023-10-27 06:56:50.234528
1343,2718,5,2023-12-29 18:58:09.669801
1665,2184,2,2024-08-29 15:51:06.855534
1002,2215,2,2023-11-13 09:56:21.832490
1687,2587,5,2024-09-02 14:45:29.534209
1639,2483,1,2024-05-09 02:58:26.413723
1969,2032,3,2023-12-11 10:34:12.824184
1017,2534,4,2023-09-28 14:23:21.577384
1926,2081,4,2024-08-22 04:18:55.303229
1008,2960,3,2024-08-07 03:23:04.162411
1679,2287,4,2023-12-27 21:33:11.245043
1801,2186,4,2024-03-24 19:31:13.386173
1793,2422,2,2023-11-01 19:38:33.777496
1083,2567,3,2024-03-08 20:48:39.753900
1637,2483,5,2024-01-04 00:49:45.287076
1419,2051,3,2024-08-09 09:24:48.627601
1677,2981,4,2024-09-09 19:23:29.884815
1793,2545,1,2024-04-20 03:15:58.988104
1171,2286,1,2024-03-16 05:25:09.760156
1117,2004,2,2024-05-19 23:56:20.148144
1060,2905,1,2024-05-10 18:02:54.631272
1229,2100,5,2023-09-28 01:50:53.024694
1664,2792,5,2023-09-25 03:42:28.533846
1941,2223,5,2023-11-02 11:31:43.564442
1954,2504,3,2024-07-20 09:56:38.783317
1791,2931,2,2023-11-29 08:12:42.958266
1262,2518,5,2023-10-30 18:08:31.604416
1798,2257,4,2024-03-31 09:01:32.021262
1857,2417,5,2024-04-14 21:08:09.280509
1764,2038,4,2023-12-22 01:17:28.464345
1846,2651,2,2024-06-04 00:51:40.203490
1053,2606,4,2024-02-12 20:59:21.317448
1461,2775,3,2024-03-30 13:32:52.443796
1137,2974,4,2023-12-15 22:42:59.554930
1959,2256,3,2024-05-06 01:25:31.912780
1037,2654,3,2023-11-10 09:19:31.388611
1008,2251,3,2024-02-25 07:29:14.552931
1635,2447,3,2024-08-21 19:04:31.028482
1323,2530,5,2024-05-15 19:58:06.980523
1865,2485,4,2024-08-20 03:16:06.986535
1164,2656,5,2023-11-03 01:20:56.517781
1315,2914,1,2023-11-25 03:50:36.943585
1238,2686,3,2024-04-28 16:21:02.553723
1669,2966,5,2023-12-19 03:11:59.820494
1178,2250,5,2024-04-29 23:29:00.699033
1567,2667,3,2024-05-04 12:37:45.742608
1339,2638,1,2024-05-29 16:21:36.238448
1169,2139,5,2024-04-04 14:27:31.732756
1578,2623,4,2024-05-05 07:54:46.947201
1170,2362,4,2024-03-16 12:45:25.841555
1843,2138,4,2023-11-10 15:40:08.916134
1519,2398,5,2024-07-07 19:22:23.321065
1965,2317,3,2024-01-05 06:50:44.713402
1426,2136,2,2024-06-25 11:13:58.781780
1641,2709,3,2024-01-28 03:25:14.536175
1107,2560,2,2024-08-28 20:03:17.095334
1911,2615,5,2023-12-11 03:12:44.132387
1665,2368,3,2023-12-19 09:33:35.682563
1529,2655,2,2024-03-23 20:26:48.703807
1420,2339,2,2024-05-18 13:18:17.531026
1469,2331,1,2024-02-07 07:27:13.962241
1639,2131,2,2024-01-10 00:46:32.980518
1530,2719,1,2023-10-14 05:37:59.020788
1438,2243,1,2024-08-08 19:56:01.706347
1466,2735,2,2024-06-21 22:05:24.591677
1363,2210,3,2023-11-04 04:23:50.594859
1525,2831,3,2024-06-29 05:38:12.890200
1420,2786,5,2023-12-20 16:25:44.410898
1014,2793,4,2023-10-17 12:17:08.053332
1377,2295,4,2024-09-03 11:38:21.299078
1104,2445,5,2023-12-01 21:40:58.708357
1821,2412,3,2024-08-24 08:48:25.462673
1630,2321,3,2024-06-23 14:57:43.162348
1811,2818,1,2023-10-26 20:18:32.110796
1036,2791,2,2024-03-22 00:39:58.835274
1306,2567,5,2024-07-27 12:14:03.657658
1012,2083,3,2024-04-13 19:13:24.763076
1744,2411,5,2024-07-02 09:54:21.657926
1787,2713,3,2023-10-16 15:11:33.143139
1563,2832,1,2024-01-17 04:04:56.867990
1717,2898,4,2024-04-07 17:06:26.318822
1989,2896,3,2023-12-23 17:37:21.161040
1994,2708,4,2023-12-19 17:42:03.476336
1756,2832,1,2023-10-17 22:05:49.417762
1601,2282,3,2023-09-29 06:08:29.729640
1599,2514,3,2024-01-05 21:11:13.120779
1861,2680,4,2024-06-12 08:26:40.082683
1900,2505,5,2023-11-16 17:26:18.887241
1894,2957,3,2024-07-02 03:39:16.413106
1517,2911,1,2024-05-16 07:14:35.654276
1707,2466,3,2024-06-25 19:40:38.363810
1794,2518,3,2024-03-31 05:31:43.058903
1812,2502,2,2024-07-29 21:17:33.353297
1337,2510,2,2024-02-05 19:15:04.554990
1560,2370,3,2024-04-15 01:45:19.216227
1788,2966,3,2023-12-15 08:34:25.566761
1675,2844,3,2024-05-19 12:47:21.241249
1196,2377,4,2024-05-29 05:38:44.231319
1365,2836,4,2024-05-08 21:44:44.936986
1935,2405,4,2023-11-02 20:19:09.021723
1066,2912,3,2024-04-06 00:48:30.543688
1481,2777,5,2023-12-18 09:24:26.475439
1785,2731,1,2024-08-12 04:32:45.483392
1113,2652,1,2024-05-02 04:43:25.215511
1512,2173,3,2024-01-24 22:21:32.858019
1909,2671,5,2024-06-21 17:19:55.914809
1742,2538,4,2024-05-16 10:46:43.809843
1981,2778,3,2024-02-11 11:55:52.562803
1419,2538,5,2024-02-25 22:33:15.603632
1392,2133,4,2024-02-19 01:31:30.093979
1996,2638,3,2024-01-19 00:47:54.236371
1604,2242,3,2024-02-29 21:55:08.542342
1999,2200,5,2023-12-25 11:53:57.328998
1219,2305,3,2024-08-24 16:06:46.790453
1292,2976,2,2024-03-19 21:06:53.358557
1301,2829,4,2024-05-31 03:36:52.447881
1388,2588,1,2024-08-14 03:37:15.004543
1314,2617,4,2023-12-04 06:59:53.440519
1026,2863,4,2024-04-30 21:31:58.721576
1994,2128,5,2023-10-13 11:49:19.732073
1137,2334,4,2024-01-01 09:03:44.340672
1388,2571,5,2024-06-19 04:24:44.187560
1124,2088,1,2024-07-16 10:55:37.502678
1141,2916,1,2024-04-30 13:07:49.453819
1051,2987,1,2023-10-09 17:58:52.458722
1405,2337,1,2023-12-08 09:48:41.049890
1963,2731,3,2023-10-15 22:28:36.056592
1366,2908,4,2024-04-08 20:47:42.148451
1854,2258,4,2023-10-12 15:09:35.328266
1045,2269,3,2023-12-25 03:24:25.260317
1278,2857,3,2024-08-16 06:15:39.882292
1567,2145,3,2024-07-02 23:28:55.312330
1691,2720,5,2023-09-15 15:27:14.266457
1353,2394,2,2024-08-23 03:07:28.840164
1275,2384,3,2024-05-16 00:24:58.635170
1183,2573,1,2024-08-17 07:15:52.690033
1727,2872,3,2023-10-31 13:36:19.436714
1943,2646,2,2024-03-11 13:20:52.413235
1705,2867,1,2024-05-18 23:19:14.792133
1832,2477,2,2024-05-15 22:08:48.678317
1462,2081,2,2024-03-24 04:40:46.154917
1415,2851,4,2023-10-27 06:43:24.468308
1233,2392,2,2023-09-16 19:33:11.905798
1169,2443,3,2023-11-20 04:48:51.403785
1168,2231,2,2024-07-11 09:32:13.886605
1381,2809,1,2023-09-14 09:36:41.711544
1275,2617,2,2024-02-13 22:58:12.257734
1860,2864,3,2024-03-24 21:28:12.375919
1528,2862,4,2024-01-15 18:25:32.078735
1824,2065,5,2024-09-08 20:49:04.479825
